Customer ID,Recency,Frequency,Monetary,Quantity,Avg_Price_Per_Unit,Age,Gender,Product_Category,Last_Purchase_Date,Cluster,Segment_Name
CUST001,39,1,150,3,50.0,34,Male,Beauty,2023-11-24,1,Low-Value Recent Customers
CUST002,309,1,1000,2,500.0,26,Female,Clothing,2023-02-27,0,High-Value Inactive Customers
CUST003,354,1,30,1,30.0,50,Male,Electronics,2023-01-13,2,Low-Value Inactive Customers
CUST004,226,1,500,1,500.0,37,Male,Clothing,2023-05-21,2,Low-Value Inactive Customers
CUST005,241,1,100,2,50.0,30,Male,Beauty,2023-05-06,2,Low-Value Inactive Customers
CUST006,252,1,30,1,30.0,45,Female,Beauty,2023-04-25,2,Low-Value Inactive Customers
CUST007,295,1,50,2,25.0,46,Male,Clothing,2023-03-13,2,Low-Value Inactive Customers
CUST008,314,1,100,4,25.0,30,Male,Electronics,2023-02-22,2,Low-Value Inactive Customers
CUST009,20,1,600,2,300.0,63,Male,Electronics,2023-12-13,1,Low-Value Recent Customers
CUST010,87,1,200,4,50.0,52,Female,Clothing,2023-10-07,1,Low-Value Recent Customers
CUST011,322,1,100,2,50.0,23,Male,Clothing,2023-02-14,2,Low-Value Inactive Customers
CUST012,64,1,75,3,25.0,35,Male,Beauty,2023-10-30,1,Low-Value Recent Customers
CUST013,150,1,1500,3,500.0,22,Male,Electronics,2023-08-05,3,High-Value Recent Customers
CUST014,350,1,120,4,30.0,64,Male,Clothing,2023-01-17,2,Low-Value Inactive Customers
CUST015,351,1,2000,4,500.0,42,Female,Electronics,2023-01-16,0,High-Value Inactive Customers
CUST016,319,1,1500,3,500.0,19,Male,Clothing,2023-02-17,0,High-Value Inactive Customers
CUST017,255,1,100,4,25.0,27,Female,Clothing,2023-04-22,2,Low-Value Inactive Customers
CUST018,247,1,50,2,25.0,47,Female,Electronics,2023-04-30,2,Low-Value Inactive Customers
CUST019,108,1,50,2,25.0,62,Female,Clothing,2023-09-16,1,Low-Value Recent Customers
CUST020,58,1,900,3,300.0,22,Male,Clothing,2023-11-05,3,High-Value Recent Customers
CUST021,353,1,500,1,500.0,50,Female,Beauty,2023-01-14,2,Low-Value Inactive Customers
CUST022,79,1,100,2,50.0,18,Male,Clothing,2023-10-15,1,Low-Value Recent Customers
CUST023,265,1,120,4,30.0,35,Female,Clothing,2023-04-12,2,Low-Value Inactive Customers
CUST024,34,1,300,1,300.0,49,Female,Clothing,2023-11-29,1,Low-Value Recent Customers
CUST025,7,1,50,1,50.0,64,Female,Beauty,2023-12-26,1,Low-Value Recent Customers
CUST026,87,1,1000,2,500.0,28,Female,Electronics,2023-10-07,3,High-Value Recent Customers
CUST027,152,1,50,2,25.0,38,Female,Beauty,2023-08-03,1,Low-Value Recent Customers
CUST028,254,1,500,1,500.0,43,Female,Beauty,2023-04-23,2,Low-Value Inactive Customers
CUST029,137,1,30,1,30.0,42,Female,Electronics,2023-08-18,1,Low-Value Recent Customers
CUST030,65,1,900,3,300.0,39,Female,Beauty,2023-10-29,3,High-Value Recent Customers
CUST031,224,1,1200,4,300.0,44,Male,Electronics,2023-05-23,0,High-Value Inactive Customers
CUST032,363,1,90,3,30.0,30,Male,Beauty,2023-01-04,2,Low-Value Inactive Customers
CUST033,285,1,100,2,50.0,50,Female,Electronics,2023-03-23,2,Low-Value Inactive Customers
CUST034,9,1,150,3,50.0,51,Female,Clothing,2023-12-24,1,Low-Value Recent Customers
CUST035,150,1,900,3,300.0,58,Female,Beauty,2023-08-05,3,High-Value Recent Customers
CUST036,192,1,900,3,300.0,52,Male,Beauty,2023-06-24,0,High-Value Inactive Customers
CUST037,224,1,75,3,25.0,18,Female,Beauty,2023-05-23,2,Low-Value Inactive Customers
CUST038,287,1,200,4,50.0,38,Male,Beauty,2023-03-21,2,Low-Value Inactive Customers
CUST039,256,1,120,4,30.0,23,Male,Clothing,2023-04-21,2,Low-Value Inactive Customers
CUST040,194,1,50,1,50.0,45,Male,Beauty,2023-06-22,2,Low-Value Inactive Customers
CUST041,314,1,50,2,25.0,34,Male,Clothing,2023-02-22,2,Low-Value Inactive Customers
CUST042,319,1,900,3,300.0,22,Male,Clothing,2023-02-17,0,High-Value Inactive Customers
CUST043,172,1,300,1,300.0,48,Female,Clothing,2023-07-14,1,Low-Value Recent Customers
CUST044,317,1,25,1,25.0,22,Female,Clothing,2023-02-19,2,Low-Value Inactive Customers
CUST045,183,1,30,1,30.0,55,Female,Electronics,2023-07-03,1,Low-Value Recent Customers
CUST046,190,1,1200,4,300.0,20,Female,Electronics,2023-06-26,0,High-Value Inactive Customers
CUST047,57,1,1500,3,500.0,40,Female,Beauty,2023-11-06,3,High-Value Recent Customers
CUST048,231,1,900,3,300.0,54,Male,Electronics,2023-05-16,0,High-Value Inactive Customers
CUST049,344,1,1000,2,500.0,54,Female,Electronics,2023-01-23,0,High-Value Inactive Customers
CUST050,131,1,75,3,25.0,27,Female,Beauty,2023-08-24,1,Low-Value Recent Customers
CUST051,92,1,75,3,25.0,27,Male,Beauty,2023-10-02,1,Low-Value Recent Customers
CUST052,303,1,300,1,300.0,36,Female,Beauty,2023-03-05,2,Low-Value Inactive Customers
CUST053,173,1,100,2,50.0,34,Male,Electronics,2023-07-13,1,Low-Value Recent Customers
CUST054,326,1,1500,3,500.0,38,Female,Electronics,2023-02-10,0,High-Value Inactive Customers
CUST055,84,1,120,4,30.0,31,Male,Beauty,2023-10-10,1,Low-Value Recent Customers
CUST056,216,1,900,3,300.0,26,Female,Clothing,2023-05-31,0,High-Value Inactive Customers
CUST057,45,1,30,1,30.0,63,Female,Beauty,2023-11-18,1,Low-Value Recent Customers
CUST058,50,1,1200,4,300.0,18,Male,Clothing,2023-11-13,3,High-Value Recent Customers
CUST059,181,1,50,1,50.0,62,Male,Clothing,2023-07-05,1,Low-Value Recent Customers
CUST060,71,1,150,3,50.0,30,Male,Beauty,2023-10-23,1,Low-Value Recent Customers
CUST061,268,1,200,4,50.0,21,Male,Beauty,2023-04-09,2,Low-Value Inactive Customers
CUST062,6,1,100,2,50.0,18,Male,Beauty,2023-12-27,1,Low-Value Recent Customers
CUST063,331,1,50,2,25.0,57,Male,Electronics,2023-02-05,2,Low-Value Inactive Customers
CUST064,343,1,100,4,25.0,49,Male,Clothing,2023-01-24,2,Low-Value Inactive Customers
CUST065,28,1,2000,4,500.0,51,Male,Electronics,2023-12-05,3,High-Value Recent Customers
CUST066,250,1,30,1,30.0,45,Female,Electronics,2023-04-27,2,Low-Value Inactive Customers
CUST067,218,1,1200,4,300.0,48,Female,Beauty,2023-05-29,0,High-Value Inactive Customers
CUST068,326,1,300,1,300.0,25,Male,Electronics,2023-02-10,2,Low-Value Inactive Customers
CUST069,247,1,75,3,25.0,56,Female,Beauty,2023-04-30,2,Low-Value Inactive Customers
CUST070,315,1,300,1,300.0,43,Female,Clothing,2023-02-21,2,Low-Value Inactive Customers
CUST071,172,1,100,4,25.0,51,Female,Beauty,2023-07-14,1,Low-Value Recent Customers
CUST072,224,1,2000,4,500.0,20,Female,Electronics,2023-05-23,0,High-Value Inactive Customers
CUST073,134,1,90,3,30.0,29,Male,Electronics,2023-08-21,1,Low-Value Recent Customers
CUST074,41,1,2000,4,500.0,18,Female,Beauty,2023-11-22,3,High-Value Recent Customers
CUST075,180,1,200,4,50.0,61,Male,Beauty,2023-07-06,1,Low-Value Recent Customers
CUST076,283,1,100,2,50.0,22,Female,Electronics,2023-03-25,2,Low-Value Inactive Customers
CUST077,177,1,100,2,50.0,47,Female,Clothing,2023-07-09,1,Low-Value Recent Customers
CUST078,185,1,1500,3,500.0,47,Female,Clothing,2023-07-01,0,High-Value Inactive Customers
CUST079,259,1,300,1,300.0,34,Male,Beauty,2023-04-18,2,Low-Value Inactive Customers
CUST080,23,1,60,2,30.0,64,Female,Clothing,2023-12-10,1,Low-Value Recent Customers
CUST081,230,1,50,1,50.0,40,Male,Electronics,2023-05-17,2,Low-Value Inactive Customers
CUST082,7,1,200,4,50.0,32,Female,Beauty,2023-12-26,1,Low-Value Recent Customers
CUST083,17,1,100,2,50.0,54,Male,Electronics,2023-12-16,1,Low-Value Recent Customers
CUST084,35,1,90,3,30.0,38,Female,Electronics,2023-11-28,1,Low-Value Recent Customers
CUST085,330,1,150,3,50.0,31,Male,Clothing,2023-02-06,2,Low-Value Inactive Customers
CUST086,55,1,90,3,30.0,19,Male,Beauty,2023-11-08,1,Low-Value Recent Customers
CUST087,41,1,100,2,50.0,28,Female,Beauty,2023-11-22,1,Low-Value Recent Customers
CUST088,279,1,500,1,500.0,56,Male,Clothing,2023-03-29,2,Low-Value Inactive Customers
CUST089,93,1,2000,4,500.0,55,Female,Electronics,2023-10-01,3,High-Value Recent Customers
CUST090,241,1,30,1,30.0,51,Female,Electronics,2023-05-06,2,Low-Value Inactive Customers
CUST091,283,1,500,1,500.0,55,Female,Electronics,2023-03-25,2,Low-Value Inactive Customers
CUST092,130,1,120,4,30.0,51,Female,Electronics,2023-08-25,1,Low-Value Recent Customers
CUST093,172,1,2000,4,500.0,35,Female,Beauty,2023-07-14,3,High-Value Recent Customers
CUST094,228,1,1000,2,500.0,47,Female,Beauty,2023-05-19,0,High-Value Inactive Customers
CUST095,39,1,60,2,30.0,32,Female,Clothing,2023-11-24,1,Low-Value Recent Customers
CUST096,14,1,600,2,300.0,44,Female,Clothing,2023-12-19,1,Low-Value Recent Customers
CUST097,81,1,1000,2,500.0,51,Female,Beauty,2023-10-13,3,High-Value Recent Customers
CUST098,254,1,100,2,50.0,55,Female,Beauty,2023-04-23,2,Low-Value Inactive Customers
CUST099,16,1,1200,4,300.0,50,Female,Electronics,2023-12-17,3,High-Value Recent Customers
CUST100,200,1,30,1,30.0,41,Male,Electronics,2023-06-16,2,Low-Value Inactive Customers
CUST1000,265,1,120,4,30.0,47,Male,Electronics,2023-04-12,2,Low-Value Inactive Customers
CUST101,338,1,600,2,300.0,32,Male,Clothing,2023-01-29,2,Low-Value Inactive Customers
CUST102,249,1,50,2,25.0,47,Female,Beauty,2023-04-28,2,Low-Value Inactive Customers
CUST103,350,1,25,1,25.0,59,Female,Clothing,2023-01-17,2,Low-Value Inactive Customers
CUST104,205,1,1000,2,500.0,34,Female,Beauty,2023-06-11,0,High-Value Inactive Customers
CUST105,161,1,500,1,500.0,22,Female,Electronics,2023-07-25,1,Low-Value Recent Customers
CUST106,229,1,50,1,50.0,46,Female,Clothing,2023-05-18,2,Low-Value Inactive Customers
CUST107,333,1,1200,4,300.0,21,Female,Clothing,2023-02-03,0,High-Value Inactive Customers
CUST108,258,1,75,3,25.0,27,Female,Beauty,2023-04-19,2,Low-Value Inactive Customers
CUST109,76,1,2000,4,500.0,34,Female,Electronics,2023-10-18,3,High-Value Recent Customers
CUST110,205,1,900,3,300.0,27,Male,Clothing,2023-06-11,0,High-Value Inactive Customers
CUST111,258,1,1500,3,500.0,34,Female,Electronics,2023-04-19,0,High-Value Inactive Customers
CUST112,31,1,1500,3,500.0,37,Male,Clothing,2023-12-02,3,High-Value Recent Customers
CUST113,111,1,50,2,25.0,41,Female,Electronics,2023-09-13,1,Low-Value Recent Customers
CUST114,164,1,100,4,25.0,22,Female,Beauty,2023-07-22,1,Low-Value Recent Customers
CUST115,37,1,1500,3,500.0,51,Male,Clothing,2023-11-26,3,High-Value Recent Customers
CUST116,132,1,30,1,30.0,23,Female,Clothing,2023-08-23,1,Low-Value Recent Customers
CUST117,293,1,1000,2,500.0,19,Male,Electronics,2023-03-15,0,High-Value Inactive Customers
CUST118,231,1,2000,4,500.0,30,Female,Electronics,2023-05-16,0,High-Value Inactive Customers
CUST119,295,1,150,3,50.0,60,Female,Clothing,2023-03-13,2,Low-Value Inactive Customers
CUST120,240,1,50,1,50.0,60,Male,Beauty,2023-05-07,2,Low-Value Inactive Customers
CUST121,79,1,200,4,50.0,28,Female,Electronics,2023-10-15,1,Low-Value Recent Customers
CUST122,91,1,120,4,30.0,64,Male,Electronics,2023-10-03,1,Low-Value Recent Customers
CUST123,232,1,60,2,30.0,40,Female,Electronics,2023-05-15,2,Low-Value Inactive Customers
CUST124,67,1,2000,4,500.0,33,Male,Clothing,2023-10-27,3,High-Value Recent Customers
CUST125,147,1,100,2,50.0,48,Male,Clothing,2023-08-08,1,Low-Value Recent Customers
CUST126,68,1,90,3,30.0,28,Female,Clothing,2023-10-26,1,Low-Value Recent Customers
CUST127,162,1,50,2,25.0,33,Female,Clothing,2023-07-24,1,Low-Value Recent Customers
CUST128,181,1,500,1,500.0,25,Male,Beauty,2023-07-05,1,Low-Value Recent Customers
CUST129,254,1,600,2,300.0,21,Female,Beauty,2023-04-23,2,Low-Value Inactive Customers
CUST130,296,1,500,1,500.0,57,Female,Clothing,2023-03-12,2,Low-Value Inactive Customers
CUST131,106,1,600,2,300.0,21,Female,Beauty,2023-09-18,1,Low-Value Recent Customers
CUST132,114,1,200,4,50.0,42,Male,Electronics,2023-09-10,1,Low-Value Recent Customers
CUST133,320,1,900,3,300.0,20,Male,Electronics,2023-02-16,0,High-Value Inactive Customers
CUST134,342,1,50,1,50.0,49,Male,Electronics,2023-01-25,2,Low-Value Inactive Customers
CUST135,310,1,50,2,25.0,20,Male,Clothing,2023-02-26,2,Low-Value Inactive Customers
CUST136,288,1,600,2,300.0,44,Male,Electronics,2023-03-20,2,Low-Value Inactive Customers
CUST137,45,1,1000,2,500.0,46,Male,Beauty,2023-11-18,3,High-Value Recent Customers
CUST138,285,1,200,4,50.0,49,Male,Clothing,2023-03-23,2,Low-Value Inactive Customers
CUST139,18,1,2000,4,500.0,36,Male,Beauty,2023-12-15,3,High-Value Recent Customers
CUST140,150,1,30,1,30.0,38,Male,Electronics,2023-08-05,1,Low-Value Recent Customers
CUST141,61,1,50,1,50.0,22,Female,Electronics,2023-11-02,1,Low-Value Recent Customers
CUST142,334,1,1200,4,300.0,35,Male,Electronics,2023-02-02,0,High-Value Inactive Customers
CUST143,169,1,50,1,50.0,45,Female,Clothing,2023-07-17,1,Low-Value Recent Customers
CUST144,171,1,1500,3,500.0,59,Female,Beauty,2023-07-15,3,High-Value Recent Customers
CUST145,61,1,75,3,25.0,39,Female,Clothing,2023-11-02,1,Low-Value Recent Customers
CUST146,127,1,200,4,50.0,38,Male,Clothing,2023-08-28,1,Low-Value Recent Customers
CUST147,96,1,300,1,300.0,23,Male,Electronics,2023-09-28,1,Low-Value Recent Customers
CUST148,238,1,60,2,30.0,18,Male,Clothing,2023-05-09,2,Low-Value Inactive Customers
CUST149,83,1,75,3,25.0,22,Male,Clothing,2023-10-11,1,Low-Value Recent Customers
CUST150,361,1,120,4,30.0,58,Female,Electronics,2023-01-06,2,Low-Value Inactive Customers
CUST151,18,1,50,1,50.0,29,Male,Clothing,2023-12-15,1,Low-Value Recent Customers
CUST152,308,1,2000,4,500.0,43,Male,Electronics,2023-02-28,0,High-Value Inactive Customers
CUST153,17,1,1000,2,500.0,63,Male,Electronics,2023-12-16,3,High-Value Recent Customers
CUST154,92,1,900,3,300.0,51,Male,Electronics,2023-10-02,3,High-Value Recent Customers
CUST155,230,1,2000,4,500.0,31,Male,Electronics,2023-05-17,0,High-Value Inactive Customers
CUST156,38,1,100,4,25.0,43,Female,Clothing,2023-11-25,1,Low-Value Recent Customers
CUST157,192,1,2000,4,500.0,62,Male,Electronics,2023-06-24,0,High-Value Inactive Customers
CUST158,309,1,600,2,300.0,44,Female,Electronics,2023-02-27,2,Low-Value Inactive Customers
CUST159,216,1,200,4,50.0,26,Male,Clothing,2023-05-31,2,Low-Value Inactive Customers
CUST160,144,1,100,2,50.0,43,Female,Clothing,2023-08-11,1,Low-Value Recent Customers
CUST161,286,1,1000,2,500.0,64,Male,Beauty,2023-03-22,0,High-Value Inactive Customers
CUST162,134,1,60,2,30.0,39,Male,Clothing,2023-08-21,1,Low-Value Recent Customers
CUST163,365,1,150,3,50.0,64,Female,Clothing,2023-01-02,2,Low-Value Inactive Customers
CUST164,232,1,1500,3,500.0,47,Female,Beauty,2023-05-15,0,High-Value Inactive Customers
CUST165,110,1,1200,4,300.0,60,Female,Clothing,2023-09-14,3,High-Value Recent Customers
CUST166,275,1,2000,4,500.0,34,Male,Clothing,2023-04-02,0,High-Value Inactive Customers
CUST167,107,1,150,3,50.0,43,Female,Clothing,2023-09-17,1,Low-Value Recent Customers
CUST168,312,1,300,1,300.0,53,Male,Clothing,2023-02-24,2,Low-Value Inactive Customers
CUST169,46,1,1500,3,500.0,18,Male,Beauty,2023-11-17,3,High-Value Recent Customers
CUST170,214,1,50,2,25.0,25,Female,Clothing,2023-06-02,2,Low-Value Inactive Customers
CUST171,39,1,900,3,300.0,52,Female,Clothing,2023-11-24,3,High-Value Recent Customers
CUST172,107,1,50,2,25.0,32,Male,Beauty,2023-09-17,1,Low-Value Recent Customers
CUST173,55,1,120,4,30.0,64,Male,Electronics,2023-11-08,1,Low-Value Recent Customers
CUST174,265,1,300,1,300.0,39,Female,Beauty,2023-04-12,2,Low-Value Inactive Customers
CUST175,288,1,100,4,25.0,31,Female,Electronics,2023-03-20,2,Low-Value Inactive Customers
CUST176,175,1,100,2,50.0,43,Female,Beauty,2023-07-11,1,Low-Value Recent Customers
CUST177,284,1,100,2,50.0,45,Male,Beauty,2023-03-24,2,Low-Value Inactive Customers
CUST178,90,1,60,2,30.0,40,Male,Clothing,2023-10-04,1,Low-Value Recent Customers
CUST179,95,1,300,1,300.0,31,Male,Electronics,2023-09-29,1,Low-Value Recent Customers
CUST180,366,1,900,3,300.0,41,Male,Clothing,2023-01-01,0,High-Value Inactive Customers
CUST181,60,1,1200,4,300.0,19,Male,Electronics,2023-11-03,3,High-Value Recent Customers
CUST182,201,1,120,4,30.0,62,Male,Beauty,2023-06-15,2,Low-Value Inactive Customers
CUST183,116,1,900,3,300.0,43,Female,Beauty,2023-09-08,3,High-Value Recent Customers
CUST184,357,1,200,4,50.0,31,Male,Electronics,2023-01-10,2,Low-Value Inactive Customers
CUST185,309,1,25,1,25.0,24,Male,Clothing,2023-02-27,2,Low-Value Inactive Customers
CUST186,181,1,200,4,50.0,20,Male,Clothing,2023-07-05,1,Low-Value Recent Customers
CUST187,209,1,100,2,50.0,64,Female,Clothing,2023-06-07,2,Low-Value Inactive Customers
CUST188,244,1,75,3,25.0,40,Male,Clothing,2023-05-03,2,Low-Value Inactive Customers
CUST189,337,1,50,1,50.0,63,Male,Beauty,2023-01-30,2,Low-Value Inactive Customers
CUST190,243,1,90,3,30.0,60,Female,Beauty,2023-05-04,2,Low-Value Inactive Customers
CUST191,76,1,25,1,25.0,64,Male,Beauty,2023-10-18,1,Low-Value Recent Customers
CUST192,326,1,100,2,50.0,62,Male,Beauty,2023-02-10,2,Low-Value Inactive Customers
CUST193,323,1,1500,3,500.0,35,Male,Beauty,2023-02-13,0,High-Value Inactive Customers
CUST194,118,1,200,4,50.0,55,Male,Clothing,2023-09-06,1,Low-Value Recent Customers
CUST195,331,1,30,1,30.0,52,Male,Clothing,2023-02-05,2,Low-Value Inactive Customers
CUST196,94,1,900,3,300.0,32,Female,Clothing,2023-09-30,3,High-Value Recent Customers
CUST197,302,1,200,4,50.0,42,Female,Clothing,2023-03-06,2,Low-Value Inactive Customers
CUST198,301,1,900,3,300.0,54,Female,Beauty,2023-03-07,0,High-Value Inactive Customers
CUST199,29,1,1500,3,500.0,45,Male,Beauty,2023-12-04,3,High-Value Recent Customers
CUST200,123,1,150,3,50.0,27,Male,Beauty,2023-09-01,1,Low-Value Recent Customers
CUST201,85,1,25,1,25.0,56,Male,Electronics,2023-10-09,1,Low-Value Recent Customers
CUST202,282,1,1200,4,300.0,34,Female,Clothing,2023-03-26,0,High-Value Inactive Customers
CUST203,231,1,1000,2,500.0,56,Male,Clothing,2023-05-16,0,High-Value Inactive Customers
CUST204,96,1,25,1,25.0,39,Male,Beauty,2023-09-28,1,Low-Value Recent Customers
CUST205,56,1,25,1,25.0,43,Female,Clothing,2023-11-07,1,Low-Value Recent Customers
CUST206,150,1,25,1,25.0,61,Male,Clothing,2023-08-05,1,Low-Value Recent Customers
CUST207,258,1,50,2,25.0,42,Female,Beauty,2023-04-19,2,Low-Value Inactive Customers
CUST208,90,1,200,4,50.0,34,Female,Electronics,2023-10-04,1,Low-Value Recent Customers
CUST209,13,1,200,4,50.0,30,Female,Electronics,2023-12-20,1,Low-Value Recent Customers
CUST210,264,1,200,4,50.0,37,Male,Electronics,2023-04-13,2,Low-Value Inactive Customers
CUST211,1,1,1500,3,500.0,42,Male,Beauty,2024-01-01,3,High-Value Recent Customers
CUST212,207,1,1500,3,500.0,21,Male,Clothing,2023-06-09,0,High-Value Inactive Customers
CUST213,162,1,1500,3,500.0,27,Male,Beauty,2023-07-24,3,High-Value Recent Customers
CUST214,23,1,60,2,30.0,20,Male,Beauty,2023-12-10,1,Low-Value Recent Customers
CUST215,34,1,1500,3,500.0,58,Male,Clothing,2023-11-29,3,High-Value Recent Customers
CUST216,175,1,100,2,50.0,62,Male,Electronics,2023-07-11,1,Low-Value Recent Customers
CUST217,142,1,200,4,50.0,35,Female,Electronics,2023-08-13,1,Low-Value Recent Customers
CUST218,102,1,90,3,30.0,64,Male,Beauty,2023-09-22,1,Low-Value Recent Customers
CUST219,135,1,90,3,30.0,53,Female,Electronics,2023-08-20,1,Low-Value Recent Customers
CUST220,305,1,500,1,500.0,64,Male,Beauty,2023-03-03,2,Low-Value Inactive Customers
CUST221,240,1,600,2,300.0,39,Male,Beauty,2023-05-07,2,Low-Value Inactive Customers
CUST222,251,1,120,4,30.0,51,Male,Clothing,2023-04-26,2,Low-Value Inactive Customers
CUST223,334,1,25,1,25.0,64,Female,Clothing,2023-02-02,2,Low-Value Inactive Customers
CUST224,193,1,50,1,50.0,25,Female,Clothing,2023-06-23,2,Low-Value Inactive Customers
CUST225,356,1,100,4,25.0,57,Female,Beauty,2023-01-11,2,Low-Value Inactive Customers
CUST226,65,1,50,1,50.0,61,Female,Clothing,2023-10-29,1,Low-Value Recent Customers
CUST227,83,1,100,2,50.0,36,Male,Electronics,2023-10-11,1,Low-Value Recent Customers
CUST228,249,1,60,2,30.0,59,Female,Electronics,2023-04-28,2,Low-Value Inactive Customers
CUST229,65,1,90,3,30.0,58,Male,Beauty,2023-10-29,1,Low-Value Recent Customers
CUST230,254,1,25,1,25.0,54,Male,Beauty,2023-04-23,2,Low-Value Inactive Customers
CUST231,363,1,150,3,50.0,23,Female,Clothing,2023-01-04,2,Low-Value Inactive Customers
CUST232,330,1,25,1,25.0,43,Female,Beauty,2023-02-06,2,Low-Value Inactive Customers
CUST233,4,1,600,2,300.0,51,Female,Beauty,2023-12-29,1,Low-Value Recent Customers
CUST234,43,1,50,2,25.0,62,Female,Electronics,2023-11-20,1,Low-Value Recent Customers
CUST235,336,1,1000,2,500.0,23,Female,Electronics,2023-01-31,0,High-Value Inactive Customers
CUST236,249,1,25,1,25.0,54,Female,Clothing,2023-04-28,2,Low-Value Inactive Customers
CUST237,332,1,1000,2,500.0,50,Female,Beauty,2023-02-04,0,High-Value Inactive Customers
CUST238,350,1,500,1,500.0,39,Female,Beauty,2023-01-17,2,Low-Value Inactive Customers
CUST239,197,1,1500,3,500.0,38,Male,Electronics,2023-06-19,0,High-Value Inactive Customers
CUST240,330,1,300,1,300.0,23,Female,Beauty,2023-02-06,2,Low-Value Inactive Customers
CUST241,103,1,75,3,25.0,23,Female,Electronics,2023-09-21,1,Low-Value Recent Customers
CUST242,245,1,25,1,25.0,21,Male,Clothing,2023-05-02,2,Low-Value Inactive Customers
CUST243,224,1,900,3,300.0,47,Female,Electronics,2023-05-23,0,High-Value Inactive Customers
CUST244,24,1,100,2,50.0,28,Male,Beauty,2023-12-09,1,Low-Value Recent Customers
CUST245,118,1,90,3,30.0,47,Male,Clothing,2023-09-06,1,Low-Value Recent Customers
CUST246,257,1,50,2,25.0,48,Female,Electronics,2023-04-20,2,Low-Value Inactive Customers
CUST247,90,1,60,2,30.0,41,Male,Electronics,2023-10-04,1,Low-Value Recent Customers
CUST248,299,1,900,3,300.0,26,Male,Clothing,2023-03-09,0,High-Value Inactive Customers
CUST249,74,1,50,1,50.0,20,Male,Clothing,2023-10-20,1,Low-Value Recent Customers
CUST250,71,1,50,1,50.0,48,Male,Electronics,2023-10-23,1,Low-Value Recent Customers
CUST251,124,1,200,4,50.0,57,Female,Beauty,2023-08-31,1,Low-Value Recent Customers
CUST252,242,1,300,1,300.0,54,Male,Electronics,2023-05-05,2,Low-Value Inactive Customers
CUST253,124,1,2000,4,500.0,53,Female,Clothing,2023-08-31,3,High-Value Recent Customers
CUST254,158,1,500,1,500.0,41,Male,Electronics,2023-07-28,1,Low-Value Recent Customers
CUST255,269,1,30,1,30.0,48,Male,Clothing,2023-04-08,2,Low-Value Inactive Customers
CUST256,318,1,1000,2,500.0,23,Male,Clothing,2023-02-18,0,High-Value Inactive Customers
CUST257,317,1,2000,4,500.0,19,Male,Beauty,2023-02-19,0,High-Value Inactive Customers
CUST258,29,1,50,1,50.0,37,Female,Clothing,2023-12-04,1,Low-Value Recent Customers
CUST259,146,1,200,4,50.0,45,Female,Clothing,2023-08-09,1,Low-Value Recent Customers
CUST260,185,1,60,2,30.0,28,Male,Beauty,2023-07-01,2,Low-Value Inactive Customers
CUST261,150,1,50,2,25.0,21,Male,Clothing,2023-08-05,1,Low-Value Recent Customers
CUST262,156,1,120,4,30.0,32,Female,Beauty,2023-07-30,1,Low-Value Recent Customers
CUST263,127,1,60,2,30.0,23,Male,Beauty,2023-08-28,1,Low-Value Recent Customers
CUST264,339,1,900,3,300.0,47,Male,Clothing,2023-01-28,0,High-Value Inactive Customers
CUST265,22,1,900,3,300.0,55,Male,Clothing,2023-12-11,3,High-Value Recent Customers
CUST266,32,1,60,2,30.0,19,Female,Electronics,2023-12-01,1,Low-Value Recent Customers
CUST267,36,1,90,3,30.0,32,Female,Beauty,2023-11-27,1,Low-Value Recent Customers
CUST268,316,1,30,1,30.0,28,Female,Electronics,2023-02-20,2,Low-Value Inactive Customers
CUST269,335,1,2000,4,500.0,25,Male,Clothing,2023-02-01,0,High-Value Inactive Customers
CUST270,160,1,300,1,300.0,43,Male,Electronics,2023-07-26,1,Low-Value Recent Customers
CUST271,193,1,120,4,30.0,62,Female,Beauty,2023-06-23,2,Low-Value Inactive Customers
CUST272,311,1,100,2,50.0,61,Female,Electronics,2023-02-25,2,Low-Value Inactive Customers
CUST273,239,1,50,1,50.0,22,Female,Beauty,2023-05-08,2,Low-Value Inactive Customers
CUST274,268,1,1000,2,500.0,23,Female,Clothing,2023-04-09,0,High-Value Inactive Customers
CUST275,269,1,1000,2,500.0,43,Male,Clothing,2023-04-08,0,High-Value Inactive Customers
CUST276,92,1,100,4,25.0,21,Female,Beauty,2023-10-02,1,Low-Value Recent Customers
CUST277,137,1,100,4,25.0,36,Male,Clothing,2023-08-18,1,Low-Value Recent Customers
CUST278,295,1,100,4,25.0,37,Female,Clothing,2023-03-13,2,Low-Value Inactive Customers
CUST279,150,1,500,1,500.0,50,Male,Clothing,2023-08-05,1,Low-Value Recent Customers
CUST280,273,1,1500,3,500.0,37,Female,Clothing,2023-04-04,0,High-Value Inactive Customers
CUST281,224,1,2000,4,500.0,29,Female,Beauty,2023-05-23,0,High-Value Inactive Customers
CUST282,130,1,200,4,50.0,64,Female,Electronics,2023-08-25,1,Low-Value Recent Customers
CUST283,239,1,500,1,500.0,18,Female,Electronics,2023-05-08,2,Low-Value Inactive Customers
CUST284,328,1,200,4,50.0,43,Male,Clothing,2023-02-08,2,Low-Value Inactive Customers
CUST285,140,1,25,1,25.0,31,Female,Electronics,2023-08-15,1,Low-Value Recent Customers
CUST286,85,1,50,2,25.0,55,Male,Electronics,2023-10-09,1,Low-Value Recent Customers
CUST287,316,1,100,4,25.0,54,Male,Clothing,2023-02-20,2,Low-Value Inactive Customers
CUST288,341,1,120,4,30.0,28,Male,Clothing,2023-01-26,2,Low-Value Inactive Customers
CUST289,33,1,60,2,30.0,53,Male,Electronics,2023-11-30,1,Low-Value Recent Customers
CUST290,90,1,600,2,300.0,30,Female,Beauty,2023-10-04,1,Low-Value Recent Customers
CUST291,359,1,600,2,300.0,60,Male,Clothing,2023-01-08,2,Low-Value Inactive Customers
CUST292,319,1,1200,4,300.0,20,Male,Beauty,2023-02-17,0,High-Value Inactive Customers
CUST293,245,1,90,3,30.0,50,Male,Electronics,2023-05-02,2,Low-Value Inactive Customers
CUST294,281,1,90,3,30.0,23,Female,Clothing,2023-03-27,2,Low-Value Inactive Customers
CUST295,158,1,900,3,300.0,27,Female,Beauty,2023-07-28,3,High-Value Recent Customers
CUST296,118,1,1200,4,300.0,22,Female,Clothing,2023-09-06,3,High-Value Recent Customers
CUST297,120,1,1000,2,500.0,40,Female,Electronics,2023-09-04,3,High-Value Recent Customers
CUST298,257,1,1200,4,300.0,27,Male,Beauty,2023-04-20,0,High-Value Inactive Customers
CUST299,161,1,1000,2,500.0,61,Male,Electronics,2023-07-25,3,High-Value Recent Customers
CUST300,336,1,200,4,50.0,19,Female,Electronics,2023-01-31,2,Low-Value Inactive Customers
CUST301,282,1,120,4,30.0,30,Male,Clothing,2023-03-26,2,Low-Value Inactive Customers
CUST302,172,1,600,2,300.0,57,Male,Beauty,2023-07-14,1,Low-Value Recent Customers
CUST303,365,1,90,3,30.0,19,Male,Electronics,2023-01-02,2,Low-Value Inactive Customers
CUST304,167,1,60,2,30.0,37,Female,Electronics,2023-07-19,1,Low-Value Recent Customers
CUST305,231,1,30,1,30.0,18,Female,Beauty,2023-05-16,2,Low-Value Inactive Customers
CUST306,134,1,50,1,50.0,54,Male,Electronics,2023-08-21,1,Low-Value Recent Customers
CUST307,220,1,50,2,25.0,26,Female,Electronics,2023-05-27,2,Low-Value Inactive Customers
CUST308,150,1,1200,4,300.0,34,Female,Beauty,2023-08-05,3,High-Value Recent Customers
CUST309,10,1,25,1,25.0,26,Female,Beauty,2023-12-23,1,Low-Value Recent Customers
CUST310,82,1,25,1,25.0,28,Female,Beauty,2023-10-12,1,Low-Value Recent Customers
CUST311,28,1,100,4,25.0,32,Female,Beauty,2023-12-05,1,Low-Value Recent Customers
CUST312,117,1,120,4,30.0,41,Male,Clothing,2023-09-07,1,Low-Value Recent Customers
CUST313,287,1,1500,3,500.0,55,Female,Beauty,2023-03-21,0,High-Value Inactive Customers
CUST314,269,1,120,4,30.0,52,Male,Clothing,2023-04-08,2,Low-Value Inactive Customers
CUST315,215,1,60,2,30.0,47,Male,Clothing,2023-06-01,2,Low-Value Inactive Customers
CUST316,255,1,50,2,25.0,48,Female,Clothing,2023-04-22,2,Low-Value Inactive Customers
CUST317,337,1,90,3,30.0,22,Male,Electronics,2023-01-30,2,Low-Value Inactive Customers
CUST318,70,1,25,1,25.0,61,Male,Clothing,2023-10-24,1,Low-Value Recent Customers
CUST319,89,1,500,1,500.0,31,Male,Clothing,2023-10-05,1,Low-Value Recent Customers
CUST320,335,1,1200,4,300.0,28,Female,Electronics,2023-02-01,0,High-Value Inactive Customers
CUST321,206,1,50,2,25.0,26,Female,Electronics,2023-06-10,2,Low-Value Inactive Customers
CUST322,337,1,500,1,500.0,51,Male,Electronics,2023-01-30,2,Low-Value Inactive Customers
CUST323,341,1,900,3,300.0,29,Female,Beauty,2023-01-26,0,High-Value Inactive Customers
CUST324,67,1,150,3,50.0,52,Female,Electronics,2023-10-27,1,Low-Value Recent Customers
CUST325,122,1,50,2,25.0,52,Female,Electronics,2023-09-02,1,Low-Value Recent Customers
CUST326,109,1,75,3,25.0,18,Female,Clothing,2023-09-15,1,Low-Value Recent Customers
CUST327,95,1,150,3,50.0,57,Male,Electronics,2023-09-29,1,Low-Value Recent Customers
CUST328,286,1,100,2,50.0,39,Male,Beauty,2023-03-22,2,Low-Value Inactive Customers
CUST329,337,1,100,4,25.0,46,Female,Electronics,2023-01-30,2,Low-Value Inactive Customers
CUST330,106,1,200,4,50.0,25,Female,Beauty,2023-09-18,1,Low-Value Recent Customers
CUST331,325,1,90,3,30.0,28,Male,Electronics,2023-02-11,2,Low-Value Inactive Customers
CUST332,271,1,1200,4,300.0,58,Male,Electronics,2023-04-06,0,High-Value Inactive Customers
CUST333,331,1,1200,4,300.0,54,Female,Electronics,2023-02-05,0,High-Value Inactive Customers
CUST334,62,1,900,3,300.0,31,Male,Electronics,2023-11-01,3,High-Value Recent Customers
CUST335,332,1,120,4,30.0,47,Female,Beauty,2023-02-04,2,Low-Value Inactive Customers
CUST336,21,1,150,3,50.0,52,Female,Beauty,2023-12-12,1,Low-Value Recent Customers
CUST337,246,1,500,1,500.0,38,Male,Clothing,2023-05-01,2,Low-Value Inactive Customers
CUST338,160,1,100,2,50.0,54,Male,Beauty,2023-07-26,1,Low-Value Recent Customers
CUST339,305,1,50,2,25.0,22,Female,Electronics,2023-03-03,2,Low-Value Inactive Customers
CUST340,75,1,1200,4,300.0,36,Female,Clothing,2023-10-19,3,High-Value Recent Customers
CUST341,240,1,200,4,50.0,31,Male,Clothing,2023-05-07,2,Low-Value Inactive Customers
CUST342,70,1,2000,4,500.0,43,Female,Clothing,2023-10-24,3,High-Value Recent Customers
CUST343,62,1,50,2,25.0,21,Male,Electronics,2023-11-01,1,Low-Value Recent Customers
CUST344,346,1,30,1,30.0,42,Female,Beauty,2023-01-21,2,Low-Value Inactive Customers
CUST345,49,1,30,1,30.0,62,Male,Electronics,2023-11-14,1,Low-Value Recent Customers
CUST346,325,1,1000,2,500.0,59,Male,Clothing,2023-02-11,0,High-Value Inactive Customers
CUST347,152,1,25,1,25.0,42,Male,Electronics,2023-08-03,1,Low-Value Recent Customers
CUST348,30,1,600,2,300.0,35,Female,Electronics,2023-12-03,1,Low-Value Recent Customers
CUST349,68,1,50,1,50.0,57,Female,Beauty,2023-10-26,1,Low-Value Recent Customers
CUST350,77,1,75,3,25.0,25,Male,Beauty,2023-10-17,1,Low-Value Recent Customers
CUST351,99,1,90,3,30.0,56,Female,Clothing,2023-09-25,1,Low-Value Recent Customers
CUST352,205,1,1000,2,500.0,57,Male,Electronics,2023-06-11,0,High-Value Inactive Customers
CUST353,233,1,500,1,500.0,31,Male,Electronics,2023-05-14,2,Low-Value Inactive Customers
CUST354,262,1,200,4,50.0,49,Female,Beauty,2023-04-15,2,Low-Value Inactive Customers
CUST355,24,1,500,1,500.0,55,Female,Electronics,2023-12-09,1,Low-Value Recent Customers
CUST356,206,1,1500,3,500.0,50,Male,Electronics,2023-06-10,0,High-Value Inactive Customers
CUST357,244,1,75,3,25.0,40,Female,Electronics,2023-05-03,2,Low-Value Inactive Customers
CUST358,231,1,300,1,300.0,32,Female,Beauty,2023-05-16,2,Low-Value Inactive Customers
CUST359,164,1,50,1,50.0,50,Male,Clothing,2023-07-22,1,Low-Value Recent Customers
CUST360,299,1,100,4,25.0,42,Male,Clothing,2023-03-09,2,Low-Value Inactive Customers
CUST361,23,1,1200,4,300.0,34,Female,Electronics,2023-12-10,3,High-Value Recent Customers
CUST362,36,1,25,1,25.0,50,Male,Clothing,2023-11-27,1,Low-Value Recent Customers
CUST363,213,1,25,1,25.0,64,Male,Beauty,2023-06-03,2,Low-Value Inactive Customers
CUST364,132,1,500,1,500.0,19,Female,Beauty,2023-08-23,1,Low-Value Recent Customers
CUST365,205,1,300,1,300.0,31,Male,Clothing,2023-06-11,2,Low-Value Inactive Customers
CUST366,329,1,100,2,50.0,57,Male,Clothing,2023-02-07,2,Low-Value Inactive Customers
CUST367,362,1,50,1,50.0,57,Female,Electronics,2023-01-05,2,Low-Value Inactive Customers
CUST368,132,1,1200,4,300.0,56,Female,Clothing,2023-08-23,3,High-Value Recent Customers
CUST369,48,1,1500,3,500.0,23,Male,Electronics,2023-11-15,3,High-Value Recent Customers
CUST370,78,1,60,2,30.0,23,Male,Electronics,2023-10-16,1,Low-Value Recent Customers
CUST371,315,1,25,1,25.0,20,Female,Beauty,2023-02-21,2,Low-Value Inactive Customers
CUST372,329,1,1500,3,500.0,24,Female,Beauty,2023-02-07,0,High-Value Inactive Customers
CUST373,91,1,600,2,300.0,25,Female,Beauty,2023-10-03,1,Low-Value Recent Customers
CUST374,257,1,75,3,25.0,59,Female,Beauty,2023-04-20,2,Low-Value Inactive Customers
CUST375,107,1,50,1,50.0,32,Male,Clothing,2023-09-17,1,Low-Value Recent Customers
CUST376,231,1,30,1,30.0,64,Female,Beauty,2023-05-16,2,Low-Value Inactive Customers
CUST377,299,1,200,4,50.0,46,Female,Clothing,2023-03-09,2,Low-Value Inactive Customers
CUST378,188,1,300,1,300.0,50,Male,Beauty,2023-06-28,2,Low-Value Inactive Customers
CUST379,331,1,25,1,25.0,47,Female,Clothing,2023-02-05,2,Low-Value Inactive Customers
CUST380,241,1,600,2,300.0,56,Male,Electronics,2023-05-06,2,Low-Value Inactive Customers
CUST381,177,1,100,4,25.0,44,Female,Clothing,2023-07-09,1,Low-Value Recent Customers
CUST382,221,1,1000,2,500.0,53,Female,Clothing,2023-05-26,0,High-Value Inactive Customers
CUST383,286,1,90,3,30.0,46,Female,Beauty,2023-03-22,2,Low-Value Inactive Customers
CUST384,142,1,500,1,500.0,55,Male,Clothing,2023-08-13,1,Low-Value Recent Customers
CUST385,88,1,1500,3,500.0,50,Male,Electronics,2023-10-06,3,High-Value Recent Customers
CUST386,6,1,600,2,300.0,54,Female,Electronics,2023-12-27,1,Low-Value Recent Customers
CUST387,212,1,30,1,30.0,44,Male,Beauty,2023-06-04,2,Low-Value Inactive Customers
CUST388,53,1,25,1,25.0,50,Male,Electronics,2023-11-10,1,Low-Value Recent Customers
CUST389,32,1,50,2,25.0,21,Male,Clothing,2023-12-01,1,Low-Value Recent Customers
CUST390,96,1,100,2,50.0,39,Male,Electronics,2023-09-28,1,Low-Value Recent Customers
CUST391,362,1,50,2,25.0,19,Male,Beauty,2023-01-05,2,Low-Value Inactive Customers
CUST392,25,1,600,2,300.0,27,Male,Clothing,2023-12-08,1,Low-Value Recent Customers
CUST393,83,1,1000,2,500.0,22,Female,Beauty,2023-10-11,3,High-Value Recent Customers
CUST394,213,1,500,1,500.0,27,Female,Clothing,2023-06-03,2,Low-Value Inactive Customers
CUST395,27,1,1000,2,500.0,50,Male,Electronics,2023-12-06,3,High-Value Recent Customers
CUST396,313,1,30,1,30.0,55,Female,Beauty,2023-02-23,2,Low-Value Inactive Customers
CUST397,298,1,25,1,25.0,30,Female,Beauty,2023-03-10,2,Low-Value Inactive Customers
CUST398,231,1,600,2,300.0,48,Female,Clothing,2023-05-16,2,Low-Value Inactive Customers
CUST399,307,1,60,2,30.0,64,Female,Beauty,2023-03-01,2,Low-Value Inactive Customers
CUST400,312,1,200,4,50.0,53,Male,Clothing,2023-02-24,2,Low-Value Inactive Customers
CUST401,83,1,300,1,300.0,62,Female,Clothing,2023-10-11,1,Low-Value Recent Customers
CUST402,287,1,600,2,300.0,41,Female,Clothing,2023-03-21,2,Low-Value Inactive Customers
CUST403,227,1,600,2,300.0,32,Male,Clothing,2023-05-20,2,Low-Value Inactive Customers
CUST404,222,1,1000,2,500.0,46,Male,Electronics,2023-05-25,0,High-Value Inactive Customers
CUST405,57,1,1200,4,300.0,25,Female,Clothing,2023-11-06,3,High-Value Recent Customers
CUST406,259,1,100,4,25.0,22,Female,Beauty,2023-04-18,2,Low-Value Inactive Customers
CUST407,191,1,900,3,300.0,46,Female,Electronics,2023-06-25,0,High-Value Inactive Customers
CUST408,262,1,500,1,500.0,64,Female,Beauty,2023-04-15,2,Low-Value Inactive Customers
CUST409,15,1,900,3,300.0,21,Female,Electronics,2023-12-18,3,High-Value Recent Customers
CUST410,42,1,100,2,50.0,29,Female,Clothing,2023-11-21,1,Low-Value Recent Customers
CUST411,231,1,200,4,50.0,62,Male,Electronics,2023-05-16,2,Low-Value Inactive Customers
CUST412,108,1,2000,4,500.0,19,Female,Electronics,2023-09-16,3,High-Value Recent Customers
CUST413,116,1,75,3,25.0,44,Female,Beauty,2023-09-08,1,Low-Value Recent Customers
CUST414,238,1,100,4,25.0,48,Male,Beauty,2023-05-09,2,Low-Value Inactive Customers
CUST415,340,1,60,2,30.0,53,Male,Clothing,2023-01-27,2,Low-Value Inactive Customers
CUST416,319,1,2000,4,500.0,53,Male,Electronics,2023-02-17,0,High-Value Inactive Customers
CUST417,42,1,900,3,300.0,43,Male,Electronics,2023-11-21,3,High-Value Recent Customers
CUST418,150,1,1000,2,500.0,60,Female,Electronics,2023-08-05,3,High-Value Recent Customers
CUST419,225,1,90,3,30.0,44,Female,Clothing,2023-05-22,2,Low-Value Inactive Customers
CUST420,344,1,2000,4,500.0,22,Female,Clothing,2023-01-23,0,High-Value Inactive Customers
CUST421,365,1,1500,3,500.0,37,Female,Clothing,2023-01-02,0,High-Value Inactive Customers
CUST422,196,1,90,3,30.0,28,Female,Clothing,2023-06-20,2,Low-Value Inactive Customers
CUST423,300,1,25,1,25.0,27,Female,Clothing,2023-03-08,2,Low-Value Inactive Customers
CUST424,40,1,1200,4,300.0,57,Male,Beauty,2023-11-23,3,High-Value Recent Customers
CUST425,232,1,120,4,30.0,55,Female,Electronics,2023-05-15,2,Low-Value Inactive Customers
CUST426,284,1,150,3,50.0,23,Male,Electronics,2023-03-24,2,Low-Value Inactive Customers
CUST427,140,1,25,1,25.0,25,Male,Electronics,2023-08-15,1,Low-Value Recent Customers
CUST428,84,1,200,4,50.0,40,Female,Electronics,2023-10-10,1,Low-Value Recent Customers
CUST429,5,1,50,2,25.0,64,Male,Electronics,2023-12-28,1,Low-Value Recent Customers
CUST430,148,1,900,3,300.0,43,Female,Electronics,2023-08-07,3,High-Value Recent Customers
CUST431,79,1,1200,4,300.0,63,Male,Electronics,2023-10-15,3,High-Value Recent Customers
CUST432,362,1,1000,2,500.0,60,Female,Electronics,2023-01-05,0,High-Value Inactive Customers
CUST433,309,1,200,4,50.0,29,Male,Beauty,2023-02-27,2,Low-Value Inactive Customers
CUST434,328,1,50,2,25.0,43,Female,Electronics,2023-02-08,2,Low-Value Inactive Customers
CUST435,13,1,900,3,300.0,30,Female,Beauty,2023-12-20,3,High-Value Recent Customers
CUST436,290,1,120,4,30.0,57,Female,Clothing,2023-03-18,2,Low-Value Inactive Customers
CUST437,87,1,1200,4,300.0,35,Female,Electronics,2023-10-07,3,High-Value Recent Customers
CUST438,348,1,30,1,30.0,42,Female,Clothing,2023-01-19,2,Low-Value Inactive Customers
CUST439,177,1,75,3,25.0,50,Male,Clothing,2023-07-09,1,Low-Value Recent Customers
CUST440,68,1,600,2,300.0,64,Male,Clothing,2023-10-26,1,Low-Value Recent Customers
CUST441,84,1,1200,4,300.0,57,Male,Beauty,2023-10-10,3,High-Value Recent Customers
CUST442,291,1,100,4,25.0,60,Female,Clothing,2023-03-17,2,Low-Value Inactive Customers
CUST443,146,1,600,2,300.0,29,Male,Clothing,2023-08-09,1,Low-Value Recent Customers
CUST444,301,1,90,3,30.0,61,Female,Clothing,2023-03-07,2,Low-Value Inactive Customers
CUST445,345,1,300,1,300.0,53,Female,Electronics,2023-01-22,2,Low-Value Inactive Customers
CUST446,209,1,50,1,50.0,21,Male,Electronics,2023-06-07,2,Low-Value Inactive Customers
CUST447,180,1,2000,4,500.0,22,Male,Beauty,2023-07-06,3,High-Value Recent Customers
CUST448,346,1,60,2,30.0,54,Female,Beauty,2023-01-21,2,Low-Value Inactive Customers
CUST449,183,1,200,4,50.0,25,Male,Electronics,2023-07-03,1,Low-Value Recent Customers
CUST450,259,1,50,2,25.0,59,Female,Beauty,2023-04-18,2,Low-Value Inactive Customers
CUST451,17,1,30,1,30.0,45,Female,Electronics,2023-12-16,1,Low-Value Recent Customers
CUST452,239,1,1500,3,500.0,48,Female,Clothing,2023-05-08,0,High-Value Inactive Customers
CUST453,25,1,1000,2,500.0,26,Female,Clothing,2023-12-08,3,High-Value Recent Customers
CUST454,314,1,25,1,25.0,46,Female,Beauty,2023-02-22,2,Low-Value Inactive Customers
CUST455,185,1,100,4,25.0,31,Male,Electronics,2023-07-01,2,Low-Value Inactive Customers
CUST456,80,1,60,2,30.0,57,Male,Electronics,2023-10-14,1,Low-Value Recent Customers
CUST457,158,1,900,3,300.0,58,Female,Beauty,2023-07-28,3,High-Value Recent Customers
CUST458,49,1,100,4,25.0,39,Female,Electronics,2023-11-14,1,Low-Value Recent Customers
CUST459,287,1,1200,4,300.0,28,Male,Clothing,2023-03-21,0,High-Value Inactive Customers
CUST460,245,1,50,1,50.0,40,Male,Beauty,2023-05-02,2,Low-Value Inactive Customers
CUST461,283,1,1000,2,500.0,18,Female,Beauty,2023-03-25,0,High-Value Inactive Customers
CUST462,276,1,1200,4,300.0,63,Male,Electronics,2023-04-01,0,High-Value Inactive Customers
CUST463,155,1,1500,3,500.0,54,Female,Beauty,2023-07-31,3,High-Value Recent Customers
CUST464,354,1,600,2,300.0,38,Male,Electronics,2023-01-13,2,Low-Value Inactive Customers
CUST465,275,1,150,3,50.0,43,Female,Electronics,2023-04-02,2,Low-Value Inactive Customers
CUST466,196,1,100,4,25.0,63,Male,Electronics,2023-06-20,2,Low-Value Inactive Customers
CUST467,156,1,150,3,50.0,53,Female,Electronics,2023-07-30,1,Low-Value Recent Customers
CUST468,24,1,25,1,25.0,40,Male,Electronics,2023-12-09,1,Low-Value Recent Customers
CUST469,239,1,75,3,25.0,18,Male,Beauty,2023-05-08,2,Low-Value Inactive Customers
CUST470,230,1,1000,2,500.0,57,Female,Clothing,2023-05-17,0,High-Value Inactive Customers
CUST471,285,1,150,3,50.0,32,Male,Clothing,2023-03-23,2,Low-Value Inactive Customers
CUST472,7,1,900,3,300.0,38,Female,Beauty,2023-12-26,3,High-Value Recent Customers
CUST473,311,1,50,1,50.0,64,Male,Beauty,2023-02-25,2,Low-Value Inactive Customers
CUST474,171,1,1500,3,500.0,26,Female,Clothing,2023-07-15,3,High-Value Recent Customers
CUST475,347,1,75,3,25.0,26,Male,Clothing,2023-01-20,2,Low-Value Inactive Customers
CUST476,126,1,2000,4,500.0,27,Female,Clothing,2023-08-29,3,High-Value Recent Customers
CUST477,253,1,120,4,30.0,43,Male,Clothing,2023-04-24,2,Low-Value Inactive Customers
CUST478,264,1,60,2,30.0,58,Female,Clothing,2023-04-13,2,Low-Value Inactive Customers
CUST479,131,1,1200,4,300.0,52,Male,Electronics,2023-08-24,3,High-Value Recent Customers
CUST480,187,1,2000,4,500.0,42,Female,Beauty,2023-06-29,0,High-Value Inactive Customers
CUST481,210,1,1200,4,300.0,43,Female,Electronics,2023-06-06,0,High-Value Inactive Customers
CUST482,250,1,1200,4,300.0,28,Female,Clothing,2023-04-27,0,High-Value Inactive Customers
CUST483,252,1,30,1,30.0,55,Male,Clothing,2023-04-25,2,Low-Value Inactive Customers
CUST484,354,1,1200,4,300.0,19,Female,Clothing,2023-01-13,0,High-Value Inactive Customers
CUST485,29,1,30,1,30.0,24,Male,Electronics,2023-12-04,1,Low-Value Recent Customers
CUST486,268,1,25,1,25.0,35,Female,Electronics,2023-04-09,2,Low-Value Inactive Customers
CUST487,162,1,2000,4,500.0,44,Male,Clothing,2023-07-24,3,High-Value Recent Customers
CUST488,198,1,900,3,300.0,51,Female,Electronics,2023-06-18,0,High-Value Inactive Customers
CUST489,224,1,30,1,30.0,44,Male,Electronics,2023-05-23,2,Low-Value Inactive Customers
CUST490,331,1,150,3,50.0,34,Male,Clothing,2023-02-05,2,Low-Value Inactive Customers
CUST491,224,1,900,3,300.0,60,Female,Electronics,2023-05-23,0,High-Value Inactive Customers
CUST492,187,1,100,4,25.0,61,Male,Beauty,2023-06-29,2,Low-Value Inactive Customers
CUST493,38,1,50,2,25.0,41,Male,Beauty,2023-11-25,1,Low-Value Recent Customers
CUST494,106,1,200,4,50.0,42,Female,Beauty,2023-09-18,1,Low-Value Recent Customers
CUST495,162,1,60,2,30.0,24,Male,Beauty,2023-07-24,1,Low-Value Recent Customers
CUST496,19,1,600,2,300.0,23,Male,Clothing,2023-12-14,1,Low-Value Recent Customers
CUST497,92,1,120,4,30.0,41,Male,Clothing,2023-10-02,1,Low-Value Recent Customers
CUST498,197,1,100,4,25.0,50,Female,Clothing,2023-06-19,2,Low-Value Inactive Customers
CUST499,352,1,60,2,30.0,46,Male,Beauty,2023-01-15,2,Low-Value Inactive Customers
CUST500,307,1,100,4,25.0,60,Female,Beauty,2023-03-01,2,Low-Value Inactive Customers
CUST501,233,1,60,2,30.0,39,Male,Electronics,2023-05-14,2,Low-Value Inactive Customers
CUST502,275,1,150,3,50.0,43,Male,Electronics,2023-04-02,2,Low-Value Inactive Customers
CUST503,69,1,2000,4,500.0,45,Male,Beauty,2023-10-25,3,High-Value Recent Customers
CUST504,231,1,150,3,50.0,38,Female,Beauty,2023-05-16,2,Low-Value Inactive Customers
CUST505,347,1,50,1,50.0,24,Male,Beauty,2023-01-20,2,Low-Value Inactive Customers
CUST506,311,1,1500,3,500.0,34,Male,Beauty,2023-02-25,0,High-Value Inactive Customers
CUST507,61,1,1500,3,500.0,37,Female,Electronics,2023-11-02,3,High-Value Recent Customers
CUST508,144,1,600,2,300.0,58,Male,Beauty,2023-08-11,1,Low-Value Recent Customers
CUST509,190,1,900,3,300.0,37,Female,Electronics,2023-06-26,0,High-Value Inactive Customers
CUST510,206,1,200,4,50.0,39,Female,Beauty,2023-06-10,2,Low-Value Inactive Customers
CUST511,143,1,100,2,50.0,45,Male,Beauty,2023-08-12,1,Low-Value Recent Customers
CUST512,56,1,25,1,25.0,57,Female,Beauty,2023-11-07,1,Low-Value Recent Customers
CUST513,105,1,100,4,25.0,24,Male,Electronics,2023-09-19,1,Low-Value Recent Customers
CUST514,307,1,300,1,300.0,18,Female,Electronics,2023-03-01,2,Low-Value Inactive Customers
CUST515,169,1,900,3,300.0,49,Female,Clothing,2023-07-17,3,High-Value Recent Customers
CUST516,71,1,100,4,25.0,30,Male,Beauty,2023-10-23,1,Low-Value Recent Customers
CUST517,269,1,100,4,25.0,47,Female,Clothing,2023-04-08,2,Low-Value Inactive Customers
CUST518,236,1,30,1,30.0,40,Female,Clothing,2023-05-11,2,Low-Value Inactive Customers
CUST519,344,1,120,4,30.0,36,Female,Electronics,2023-01-23,2,Low-Value Inactive Customers
CUST520,4,1,100,4,25.0,49,Female,Electronics,2023-12-29,1,Low-Value Recent Customers
CUST521,143,1,120,4,30.0,47,Female,Clothing,2023-08-12,1,Low-Value Recent Customers
CUST522,366,1,1500,3,500.0,46,Male,Beauty,2023-01-01,0,High-Value Inactive Customers
CUST523,100,1,300,1,300.0,62,Female,Electronics,2023-09-24,1,Low-Value Recent Customers
CUST524,91,1,1200,4,300.0,46,Male,Beauty,2023-10-03,3,High-Value Recent Customers
CUST525,15,1,50,2,25.0,47,Female,Beauty,2023-12-18,1,Low-Value Recent Customers
CUST526,23,1,100,2,50.0,33,Male,Clothing,2023-12-10,1,Low-Value Recent Customers
CUST527,266,1,50,2,25.0,57,Male,Clothing,2023-04-11,2,Low-Value Inactive Customers
CUST528,180,1,60,2,30.0,36,Female,Clothing,2023-07-06,1,Low-Value Recent Customers
CUST529,146,1,150,3,50.0,35,Female,Clothing,2023-08-09,1,Low-Value Recent Customers
CUST530,331,1,120,4,30.0,18,Female,Electronics,2023-02-05,2,Low-Value Inactive Customers
CUST531,26,1,500,1,500.0,31,Male,Electronics,2023-12-07,1,Low-Value Recent Customers
CUST532,197,1,120,4,30.0,64,Female,Clothing,2023-06-19,2,Low-Value Inactive Customers
CUST533,47,1,1500,3,500.0,19,Male,Electronics,2023-11-16,3,High-Value Recent Customers
CUST534,206,1,1000,2,500.0,45,Male,Clothing,2023-06-10,0,High-Value Inactive Customers
CUST535,27,1,90,3,30.0,47,Male,Beauty,2023-12-06,1,Low-Value Recent Customers
CUST536,303,1,120,4,30.0,55,Female,Beauty,2023-03-05,2,Low-Value Inactive Customers
CUST537,213,1,500,1,500.0,21,Female,Beauty,2023-06-03,2,Low-Value Inactive Customers
CUST538,107,1,150,3,50.0,18,Male,Clothing,2023-09-17,1,Low-Value Recent Customers
CUST539,208,1,500,1,500.0,25,Male,Beauty,2023-06-08,2,Low-Value Inactive Customers
CUST540,25,1,900,3,300.0,46,Female,Electronics,2023-12-08,3,High-Value Recent Customers
CUST541,157,1,500,1,500.0,56,Male,Beauty,2023-07-29,1,Low-Value Recent Customers
CUST542,199,1,50,1,50.0,20,Female,Beauty,2023-06-17,2,Low-Value Inactive Customers
CUST543,160,1,600,2,300.0,49,Male,Beauty,2023-07-26,1,Low-Value Recent Customers
CUST544,10,1,25,1,25.0,27,Female,Electronics,2023-12-23,1,Low-Value Recent Customers
CUST545,215,1,50,2,25.0,27,Male,Clothing,2023-06-01,2,Low-Value Inactive Customers
CUST546,83,1,200,4,50.0,36,Female,Electronics,2023-10-11,1,Low-Value Recent Customers
CUST547,301,1,2000,4,500.0,63,Male,Clothing,2023-03-07,0,High-Value Inactive Customers
CUST548,268,1,60,2,30.0,51,Female,Clothing,2023-04-09,2,Low-Value Inactive Customers
CUST549,151,1,100,2,50.0,50,Female,Beauty,2023-08-04,1,Low-Value Recent Customers
CUST550,26,1,900,3,300.0,40,Male,Clothing,2023-12-07,3,High-Value Recent Customers
CUST551,172,1,900,3,300.0,45,Male,Electronics,2023-07-14,3,High-Value Recent Customers
CUST552,20,1,75,3,25.0,49,Female,Electronics,2023-12-13,1,Low-Value Recent Customers
CUST553,277,1,1200,4,300.0,24,Male,Clothing,2023-03-31,0,High-Value Inactive Customers
CUST554,51,1,150,3,50.0,46,Female,Beauty,2023-11-12,1,Low-Value Recent Customers
CUST555,75,1,300,1,300.0,25,Male,Beauty,2023-10-19,1,Low-Value Recent Customers
CUST556,212,1,50,1,50.0,18,Female,Electronics,2023-06-04,2,Low-Value Inactive Customers
CUST557,159,1,90,3,30.0,20,Female,Beauty,2023-07-27,1,Low-Value Recent Customers
CUST558,86,1,25,1,25.0,41,Female,Clothing,2023-10-08,1,Low-Value Recent Customers
CUST559,366,1,1200,4,300.0,40,Female,Clothing,2023-01-01,0,High-Value Inactive Customers
CUST560,211,1,50,1,50.0,25,Female,Electronics,2023-06-05,2,Low-Value Inactive Customers
CUST561,220,1,2000,4,500.0,64,Female,Clothing,2023-05-27,0,High-Value Inactive Customers
CUST562,259,1,50,2,25.0,54,Male,Electronics,2023-04-18,2,Low-Value Inactive Customers
CUST563,146,1,60,2,30.0,20,Male,Clothing,2023-08-09,1,Low-Value Recent Customers
CUST564,70,1,100,2,50.0,50,Male,Electronics,2023-10-24,1,Low-Value Recent Customers
CUST565,56,1,60,2,30.0,45,Female,Beauty,2023-11-07,1,Low-Value Recent Customers
CUST566,31,1,30,1,30.0,64,Female,Clothing,2023-12-02,1,Low-Value Recent Customers
CUST567,202,1,900,3,300.0,25,Female,Clothing,2023-06-14,0,High-Value Inactive Customers
CUST568,128,1,300,1,300.0,51,Female,Electronics,2023-08-27,1,Low-Value Recent Customers
CUST569,140,1,200,4,50.0,52,Male,Electronics,2023-08-15,1,Low-Value Recent Customers
CUST570,140,1,500,1,500.0,49,Male,Clothing,2023-08-15,1,Low-Value Recent Customers
CUST571,21,1,50,1,50.0,41,Female,Electronics,2023-12-12,1,Low-Value Recent Customers
CUST572,257,1,2000,4,500.0,31,Male,Clothing,2023-04-20,0,High-Value Inactive Customers
CUST573,105,1,60,2,30.0,49,Male,Beauty,2023-09-19,1,Low-Value Recent Customers
CUST574,124,1,50,2,25.0,63,Female,Electronics,2023-08-31,1,Low-Value Recent Customers
CUST575,280,1,100,2,50.0,60,Male,Clothing,2023-03-28,2,Low-Value Inactive Customers
CUST576,29,1,150,3,50.0,33,Female,Beauty,2023-12-04,1,Low-Value Recent Customers
CUST577,323,1,2000,4,500.0,21,Male,Beauty,2023-02-13,0,High-Value Inactive Customers
CUST578,221,1,120,4,30.0,54,Female,Clothing,2023-05-26,2,Low-Value Inactive Customers
CUST579,103,1,30,1,30.0,38,Female,Electronics,2023-09-21,1,Low-Value Recent Customers
CUST580,27,1,1500,3,500.0,31,Female,Clothing,2023-12-06,3,High-Value Recent Customers
CUST581,42,1,60,2,30.0,48,Female,Beauty,2023-11-21,1,Low-Value Recent Customers
CUST582,49,1,900,3,300.0,35,Male,Clothing,2023-11-14,3,High-Value Recent Customers
CUST583,195,1,100,4,25.0,24,Female,Electronics,2023-06-21,2,Low-Value Inactive Customers
CUST584,319,1,200,4,50.0,27,Female,Beauty,2023-02-17,2,Low-Value Inactive Customers
CUST585,246,1,25,1,25.0,24,Female,Clothing,2023-05-01,2,Low-Value Inactive Customers
CUST586,22,1,50,1,50.0,50,Male,Electronics,2023-12-11,1,Low-Value Recent Customers
CUST587,208,1,1200,4,300.0,40,Female,Beauty,2023-06-08,0,High-Value Inactive Customers
CUST588,251,1,60,2,30.0,38,Male,Electronics,2023-04-26,2,Low-Value Inactive Customers
CUST589,265,1,1000,2,500.0,36,Female,Beauty,2023-04-12,0,High-Value Inactive Customers
CUST590,291,1,900,3,300.0,36,Male,Clothing,2023-03-17,0,High-Value Inactive Customers
CUST591,354,1,100,4,25.0,53,Male,Electronics,2023-01-13,2,Low-Value Inactive Customers
CUST592,343,1,2000,4,500.0,46,Female,Beauty,2023-01-24,0,High-Value Inactive Customers
CUST593,241,1,60,2,30.0,35,Male,Electronics,2023-05-06,2,Low-Value Inactive Customers
CUST594,123,1,600,2,300.0,19,Female,Electronics,2023-09-01,1,Low-Value Recent Customers
CUST595,54,1,2000,4,500.0,18,Female,Clothing,2023-11-09,3,High-Value Recent Customers
CUST596,329,1,300,1,300.0,64,Female,Electronics,2023-02-07,2,Low-Value Inactive Customers
CUST597,133,1,1200,4,300.0,22,Male,Beauty,2023-08-22,3,High-Value Recent Customers
CUST598,154,1,120,4,30.0,37,Male,Beauty,2023-08-01,1,Low-Value Recent Customers
CUST599,44,1,100,2,50.0,28,Female,Beauty,2023-11-19,1,Low-Value Recent Customers
CUST600,72,1,1000,2,500.0,59,Female,Beauty,2023-10-22,3,High-Value Recent Customers
CUST601,267,1,30,1,30.0,19,Male,Clothing,2023-04-10,2,Low-Value Inactive Customers
CUST602,10,1,300,1,300.0,20,Female,Electronics,2023-12-23,1,Low-Value Recent Customers
CUST603,170,1,90,3,30.0,40,Female,Clothing,2023-07-16,1,Low-Value Recent Customers
CUST604,113,1,200,4,50.0,29,Female,Electronics,2023-09-11,1,Low-Value Recent Customers
CUST605,162,1,1000,2,500.0,37,Male,Electronics,2023-07-24,3,High-Value Recent Customers
CUST606,242,1,50,1,50.0,22,Male,Electronics,2023-05-05,2,Low-Value Inactive Customers
CUST607,291,1,75,3,25.0,54,Male,Clothing,2023-03-17,2,Low-Value Inactive Customers
CUST608,31,1,1500,3,500.0,55,Female,Electronics,2023-12-02,3,High-Value Recent Customers
CUST609,14,1,100,2,50.0,47,Female,Clothing,2023-12-19,1,Low-Value Recent Customers
CUST610,364,1,600,2,300.0,26,Female,Beauty,2023-01-03,2,Low-Value Inactive Customers
CUST611,312,1,1500,3,500.0,51,Male,Beauty,2023-02-24,0,High-Value Inactive Customers
CUST612,149,1,500,1,500.0,61,Female,Electronics,2023-08-06,1,Low-Value Recent Customers
CUST613,254,1,90,3,30.0,52,Female,Clothing,2023-04-23,2,Low-Value Inactive Customers
CUST614,276,1,1200,4,300.0,39,Female,Beauty,2023-04-01,0,High-Value Inactive Customers
CUST615,10,1,100,4,25.0,61,Female,Clothing,2023-12-23,1,Low-Value Recent Customers
CUST616,101,1,100,2,50.0,41,Male,Clothing,2023-09-23,1,Low-Value Recent Customers
CUST617,129,1,30,1,30.0,34,Male,Electronics,2023-08-26,1,Low-Value Recent Customers
CUST618,341,1,50,1,50.0,27,Female,Beauty,2023-01-26,2,Low-Value Inactive Customers
CUST619,81,1,100,4,25.0,47,Male,Electronics,2023-10-13,1,Low-Value Recent Customers
CUST620,239,1,75,3,25.0,63,Male,Electronics,2023-05-08,2,Low-Value Inactive Customers
CUST621,304,1,1000,2,500.0,40,Female,Beauty,2023-03-04,0,High-Value Inactive Customers
CUST622,133,1,75,3,25.0,49,Female,Beauty,2023-08-22,1,Low-Value Recent Customers
CUST623,298,1,150,3,50.0,34,Male,Clothing,2023-03-10,2,Low-Value Inactive Customers
CUST624,129,1,900,3,300.0,34,Female,Beauty,2023-08-26,3,High-Value Recent Customers
CUST625,25,1,300,1,300.0,31,Male,Clothing,2023-12-08,1,Low-Value Recent Customers
CUST626,95,1,2000,4,500.0,26,Female,Clothing,2023-09-29,3,High-Value Recent Customers
CUST627,80,1,50,1,50.0,57,Male,Clothing,2023-10-14,1,Low-Value Recent Customers
CUST628,62,1,200,4,50.0,19,Female,Beauty,2023-11-01,1,Low-Value Recent Customers
CUST629,204,1,50,2,25.0,62,Male,Electronics,2023-06-12,2,Low-Value Inactive Customers
CUST630,140,1,100,2,50.0,42,Male,Clothing,2023-08-15,1,Low-Value Recent Customers
CUST631,53,1,90,3,30.0,56,Male,Electronics,2023-11-10,1,Low-Value Recent Customers
CUST632,108,1,100,4,25.0,26,Female,Electronics,2023-09-16,1,Low-Value Recent Customers
CUST633,148,1,120,4,30.0,39,Male,Beauty,2023-08-07,1,Low-Value Recent Customers
CUST634,86,1,2000,4,500.0,60,Male,Electronics,2023-10-08,3,High-Value Recent Customers
CUST635,138,1,900,3,300.0,63,Female,Electronics,2023-08-17,3,High-Value Recent Customers
CUST636,285,1,1500,3,500.0,21,Female,Beauty,2023-03-23,0,High-Value Inactive Customers
CUST637,123,1,600,2,300.0,43,Male,Clothing,2023-09-01,1,Low-Value Recent Customers
CUST638,136,1,500,1,500.0,46,Male,Electronics,2023-08-19,1,Low-Value Recent Customers
CUST639,234,1,200,4,50.0,62,Female,Beauty,2023-05-13,2,Low-Value Inactive Customers
CUST640,240,1,120,4,30.0,51,Female,Electronics,2023-05-07,2,Low-Value Inactive Customers
CUST641,40,1,300,1,300.0,40,Female,Electronics,2023-11-23,1,Low-Value Recent Customers
CUST642,225,1,100,4,25.0,54,Female,Clothing,2023-05-22,2,Low-Value Inactive Customers
CUST643,100,1,90,3,30.0,28,Female,Electronics,2023-09-24,1,Low-Value Recent Customers
CUST644,118,1,75,3,25.0,23,Male,Beauty,2023-09-06,1,Low-Value Recent Customers
CUST645,46,1,120,4,30.0,35,Female,Electronics,2023-11-17,1,Low-Value Recent Customers
CUST646,244,1,90,3,30.0,38,Male,Clothing,2023-05-03,2,Low-Value Inactive Customers
CUST647,226,1,1500,3,500.0,59,Male,Clothing,2023-05-21,0,High-Value Inactive Customers
CUST648,141,1,1200,4,300.0,53,Male,Beauty,2023-08-14,3,High-Value Recent Customers
CUST649,327,1,600,2,300.0,58,Female,Clothing,2023-02-09,2,Low-Value Inactive Customers
CUST650,1,1,30,1,30.0,55,Male,Electronics,2024-01-01,1,Low-Value Recent Customers
CUST651,220,1,150,3,50.0,51,Male,Clothing,2023-05-27,2,Low-Value Inactive Customers
CUST652,246,1,100,2,50.0,34,Female,Beauty,2023-05-01,2,Low-Value Inactive Customers
CUST653,227,1,75,3,25.0,54,Male,Clothing,2023-05-20,2,Low-Value Inactive Customers
CUST654,195,1,75,3,25.0,42,Male,Clothing,2023-06-21,2,Low-Value Inactive Customers
CUST655,203,1,500,1,500.0,55,Female,Clothing,2023-06-13,2,Low-Value Inactive Customers
CUST656,90,1,90,3,30.0,29,Male,Beauty,2023-10-04,1,Low-Value Recent Customers
CUST657,325,1,25,1,25.0,40,Male,Clothing,2023-02-11,2,Low-Value Inactive Customers
CUST658,296,1,25,1,25.0,59,Male,Clothing,2023-03-12,2,Low-Value Inactive Customers
CUST659,289,1,30,1,30.0,39,Female,Electronics,2023-03-19,2,Low-Value Inactive Customers
CUST660,248,1,1000,2,500.0,38,Female,Beauty,2023-04-29,0,High-Value Inactive Customers
CUST661,170,1,100,4,25.0,44,Female,Clothing,2023-07-16,1,Low-Value Recent Customers
CUST662,11,1,1000,2,500.0,48,Male,Beauty,2023-12-22,3,High-Value Recent Customers
CUST663,288,1,1200,4,300.0,23,Male,Clothing,2023-03-20,0,High-Value Inactive Customers
CUST664,5,1,2000,4,500.0,44,Female,Clothing,2023-12-28,3,High-Value Recent Customers
CUST665,257,1,50,1,50.0,57,Male,Clothing,2023-04-20,2,Low-Value Inactive Customers
CUST666,334,1,150,3,50.0,51,Male,Electronics,2023-02-02,2,Low-Value Inactive Customers
CUST667,154,1,500,1,500.0,29,Female,Electronics,2023-08-01,1,Low-Value Recent Customers
CUST668,158,1,150,3,50.0,62,Female,Electronics,2023-07-28,1,Low-Value Recent Customers
CUST669,197,1,1200,4,300.0,24,Male,Beauty,2023-06-19,0,High-Value Inactive Customers
CUST670,89,1,30,1,30.0,27,Male,Beauty,2023-10-05,1,Low-Value Recent Customers
CUST671,128,1,150,3,50.0,62,Male,Electronics,2023-08-27,1,Low-Value Recent Customers
CUST672,154,1,100,2,50.0,34,Female,Beauty,2023-08-01,1,Low-Value Recent Customers
CUST673,335,1,1500,3,500.0,43,Female,Clothing,2023-02-01,0,High-Value Inactive Customers
CUST674,261,1,300,1,300.0,38,Female,Clothing,2023-04-16,2,Low-Value Inactive Customers
CUST675,151,1,60,2,30.0,45,Female,Clothing,2023-08-04,1,Low-Value Recent Customers
CUST676,167,1,1500,3,500.0,63,Male,Electronics,2023-07-19,3,High-Value Recent Customers
CUST677,67,1,1500,3,500.0,19,Female,Beauty,2023-10-27,3,High-Value Recent Customers
CUST678,10,1,900,3,300.0,60,Female,Electronics,2023-12-23,3,High-Value Recent Customers
CUST679,356,1,90,3,30.0,18,Female,Beauty,2023-01-11,2,Low-Value Inactive Customers
CUST680,72,1,900,3,300.0,53,Female,Clothing,2023-10-22,3,High-Value Recent Customers
CUST681,172,1,60,2,30.0,43,Female,Electronics,2023-07-14,1,Low-Value Recent Customers
CUST682,122,1,1200,4,300.0,46,Male,Beauty,2023-09-02,3,High-Value Recent Customers
CUST683,363,1,1000,2,500.0,38,Male,Beauty,2023-01-04,0,High-Value Inactive Customers
CUST684,186,1,1000,2,500.0,28,Female,Clothing,2023-06-30,0,High-Value Inactive Customers
CUST685,214,1,50,2,25.0,57,Male,Electronics,2023-06-02,2,Low-Value Inactive Customers
CUST686,167,1,200,4,50.0,28,Female,Electronics,2023-07-19,1,Low-Value Recent Customers
CUST687,152,1,300,1,300.0,53,Female,Electronics,2023-08-03,1,Low-Value Recent Customers
CUST688,91,1,100,4,25.0,56,Male,Clothing,2023-10-03,1,Low-Value Recent Customers
CUST689,87,1,100,2,50.0,57,Male,Electronics,2023-10-07,1,Low-Value Recent Customers
CUST690,58,1,900,3,300.0,52,Female,Clothing,2023-11-05,3,High-Value Recent Customers
CUST691,254,1,90,3,30.0,51,Female,Clothing,2023-04-23,2,Low-Value Inactive Customers
CUST692,117,1,100,2,50.0,64,Female,Clothing,2023-09-07,1,Low-Value Recent Customers
CUST693,254,1,1500,3,500.0,41,Male,Beauty,2023-04-23,0,High-Value Inactive Customers
CUST694,227,1,50,2,25.0,39,Female,Electronics,2023-05-20,2,Low-Value Inactive Customers
CUST695,143,1,150,3,50.0,22,Female,Electronics,2023-08-12,1,Low-Value Recent Customers
CUST696,118,1,200,4,50.0,50,Female,Clothing,2023-09-06,1,Low-Value Recent Customers
CUST697,352,1,500,1,500.0,53,Male,Clothing,2023-01-15,2,Low-Value Inactive Customers
CUST698,167,1,300,1,300.0,64,Female,Electronics,2023-07-19,1,Low-Value Recent Customers
CUST699,194,1,120,4,30.0,37,Female,Clothing,2023-06-22,2,Low-Value Inactive Customers
CUST700,24,1,2000,4,500.0,36,Male,Electronics,2023-12-09,3,High-Value Recent Customers
CUST701,19,1,60,2,30.0,52,Female,Beauty,2023-12-14,1,Low-Value Recent Customers
CUST702,159,1,600,2,300.0,60,Female,Clothing,2023-07-27,1,Low-Value Recent Customers
CUST703,282,1,100,2,50.0,34,Male,Electronics,2023-03-26,2,Low-Value Inactive Customers
CUST704,127,1,90,3,30.0,62,Female,Clothing,2023-08-28,1,Low-Value Recent Customers
CUST705,301,1,50,2,25.0,60,Male,Electronics,2023-03-07,2,Low-Value Inactive Customers
CUST706,48,1,100,4,25.0,51,Male,Electronics,2023-11-15,1,Low-Value Recent Customers
CUST707,93,1,500,1,500.0,26,Female,Clothing,2023-10-01,1,Low-Value Recent Customers
CUST708,353,1,900,3,300.0,43,Female,Beauty,2023-01-14,0,High-Value Inactive Customers
CUST709,165,1,1000,2,500.0,19,Female,Electronics,2023-07-21,3,High-Value Recent Customers
CUST710,63,1,1500,3,500.0,26,Female,Electronics,2023-10-31,3,High-Value Recent Customers
CUST711,78,1,1500,3,500.0,26,Male,Electronics,2023-10-16,3,High-Value Recent Customers
CUST712,27,1,50,2,25.0,57,Female,Beauty,2023-12-06,1,Low-Value Recent Customers
CUST713,353,1,75,3,25.0,34,Male,Beauty,2023-01-14,2,Low-Value Inactive Customers
CUST714,324,1,500,1,500.0,18,Female,Clothing,2023-02-12,2,Low-Value Inactive Customers
CUST715,37,1,100,4,25.0,42,Female,Beauty,2023-11-26,1,Low-Value Recent Customers
CUST716,147,1,1200,4,300.0,60,Female,Clothing,2023-08-08,3,High-Value Recent Customers
CUST717,297,1,500,1,500.0,57,Male,Clothing,2023-03-11,2,Low-Value Inactive Customers
CUST718,130,1,75,3,25.0,59,Female,Beauty,2023-08-25,1,Low-Value Recent Customers
CUST719,273,1,60,2,30.0,42,Female,Clothing,2023-04-04,2,Low-Value Inactive Customers
CUST720,341,1,1500,3,500.0,56,Female,Beauty,2023-01-26,0,High-Value Inactive Customers
CUST721,233,1,500,1,500.0,52,Female,Clothing,2023-05-14,2,Low-Value Inactive Customers
CUST722,172,1,900,3,300.0,20,Male,Beauty,2023-07-14,3,High-Value Recent Customers
CUST723,199,1,200,4,50.0,54,Female,Beauty,2023-06-17,2,Low-Value Inactive Customers
CUST724,258,1,150,3,50.0,61,Male,Clothing,2023-04-19,2,Low-Value Inactive Customers
CUST725,134,1,300,1,300.0,61,Male,Electronics,2023-08-21,1,Low-Value Recent Customers
CUST726,199,1,1200,4,300.0,47,Male,Clothing,2023-06-17,0,High-Value Inactive Customers
CUST727,194,1,900,3,300.0,55,Male,Beauty,2023-06-22,0,High-Value Inactive Customers
CUST728,172,1,150,3,50.0,51,Male,Electronics,2023-07-14,1,Low-Value Recent Customers
CUST729,224,1,1200,4,300.0,29,Male,Clothing,2023-05-23,0,High-Value Inactive Customers
CUST730,151,1,50,2,25.0,36,Female,Clothing,2023-08-04,1,Low-Value Recent Customers
CUST731,237,1,2000,4,500.0,54,Male,Clothing,2023-05-10,0,High-Value Inactive Customers
CUST732,325,1,1000,2,500.0,61,Male,Electronics,2023-02-11,0,High-Value Inactive Customers
CUST733,126,1,30,1,30.0,34,Male,Beauty,2023-08-29,1,Low-Value Recent Customers
CUST734,357,1,30,1,30.0,27,Female,Clothing,2023-01-10,2,Low-Value Inactive Customers
CUST735,90,1,2000,4,500.0,64,Female,Clothing,2023-10-04,3,High-Value Recent Customers
CUST736,340,1,100,4,25.0,29,Male,Clothing,2023-01-27,2,Low-Value Inactive Customers
CUST737,187,1,50,1,50.0,33,Female,Clothing,2023-06-29,2,Low-Value Inactive Customers
CUST738,252,1,100,2,50.0,41,Male,Clothing,2023-04-25,2,Low-Value Inactive Customers
CUST739,34,1,25,1,25.0,36,Male,Beauty,2023-11-29,1,Low-Value Recent Customers
CUST740,331,1,200,4,50.0,25,Female,Beauty,2023-02-05,2,Low-Value Inactive Customers
CUST741,33,1,300,1,300.0,48,Male,Clothing,2023-11-30,1,Low-Value Recent Customers
CUST742,346,1,2000,4,500.0,38,Female,Electronics,2023-01-21,0,High-Value Inactive Customers
CUST743,351,1,2000,4,500.0,34,Female,Beauty,2023-01-16,0,High-Value Inactive Customers
CUST744,240,1,25,1,25.0,40,Male,Electronics,2023-05-07,2,Low-Value Inactive Customers
CUST745,264,1,100,2,50.0,54,Male,Beauty,2023-04-13,2,Low-Value Inactive Customers
CUST746,356,1,90,3,30.0,33,Female,Clothing,2023-01-11,2,Low-Value Inactive Customers
CUST747,48,1,30,1,30.0,23,Male,Beauty,2023-11-15,1,Low-Value Recent Customers
CUST748,288,1,150,3,50.0,25,Male,Clothing,2023-03-20,2,Low-Value Inactive Customers
CUST749,244,1,30,1,30.0,42,Male,Beauty,2023-05-03,2,Low-Value Inactive Customers
CUST750,302,1,75,3,25.0,35,Female,Clothing,2023-03-06,2,Low-Value Inactive Customers
CUST751,124,1,50,2,25.0,42,Female,Clothing,2023-08-31,1,Low-Value Recent Customers
CUST752,24,1,100,2,50.0,29,Male,Clothing,2023-12-09,1,Low-Value Recent Customers
CUST753,308,1,30,1,30.0,32,Female,Clothing,2023-02-28,2,Low-Value Inactive Customers
CUST754,78,1,100,4,25.0,43,Female,Electronics,2023-10-16,1,Low-Value Recent Customers
CUST755,255,1,75,3,25.0,58,Female,Clothing,2023-04-22,2,Low-Value Inactive Customers
CUST756,128,1,1200,4,300.0,62,Female,Electronics,2023-08-27,3,High-Value Recent Customers
CUST757,8,1,1200,4,300.0,43,Female,Electronics,2023-12-25,3,High-Value Recent Customers
CUST758,235,1,100,4,25.0,64,Male,Clothing,2023-05-12,2,Low-Value Inactive Customers
CUST759,178,1,100,2,50.0,49,Male,Electronics,2023-07-08,1,Low-Value Recent Customers
CUST760,281,1,500,1,500.0,27,Male,Beauty,2023-03-27,2,Low-Value Inactive Customers
CUST761,56,1,500,1,500.0,33,Female,Clothing,2023-11-07,1,Low-Value Recent Customers
CUST762,56,1,50,2,25.0,24,Female,Electronics,2023-11-07,1,Low-Value Recent Customers
CUST763,308,1,50,2,25.0,34,Male,Clothing,2023-02-28,2,Low-Value Inactive Customers
CUST764,283,1,25,1,25.0,40,Female,Clothing,2023-03-25,2,Low-Value Inactive Customers
CUST765,207,1,200,4,50.0,43,Male,Clothing,2023-06-09,2,Low-Value Inactive Customers
CUST766,311,1,900,3,300.0,38,Male,Electronics,2023-02-25,0,High-Value Inactive Customers
CUST767,70,1,75,3,25.0,39,Male,Beauty,2023-10-24,1,Low-Value Recent Customers
CUST768,353,1,75,3,25.0,24,Female,Beauty,2023-01-14,2,Low-Value Inactive Customers
CUST769,207,1,120,4,30.0,31,Female,Electronics,2023-06-09,2,Low-Value Inactive Customers
CUST770,72,1,50,1,50.0,32,Male,Clothing,2023-10-22,1,Low-Value Recent Customers
CUST771,20,1,50,2,25.0,24,Male,Electronics,2023-12-13,1,Low-Value Recent Customers
CUST772,174,1,30,1,30.0,26,Male,Electronics,2023-07-12,1,Low-Value Recent Customers
CUST773,163,1,2000,4,500.0,25,Male,Electronics,2023-07-23,3,High-Value Recent Customers
CUST774,265,1,50,2,25.0,40,Female,Clothing,2023-04-12,2,Low-Value Inactive Customers
CUST775,328,1,100,4,25.0,46,Female,Electronics,2023-02-08,2,Low-Value Inactive Customers
CUST776,63,1,90,3,30.0,35,Male,Clothing,2023-10-31,1,Low-Value Recent Customers
CUST777,13,1,150,3,50.0,48,Male,Electronics,2023-12-20,1,Low-Value Recent Customers
CUST778,45,1,100,4,25.0,47,Female,Beauty,2023-11-18,1,Low-Value Recent Customers
CUST779,242,1,1000,2,500.0,56,Female,Electronics,2023-05-05,0,High-Value Inactive Customers
CUST780,314,1,50,2,25.0,52,Male,Electronics,2023-02-22,2,Low-Value Inactive Customers
CUST781,10,1,500,1,500.0,35,Male,Beauty,2023-12-23,1,Low-Value Recent Customers
CUST782,212,1,900,3,300.0,59,Male,Clothing,2023-06-04,0,High-Value Inactive Customers
CUST783,16,1,300,1,300.0,56,Female,Clothing,2023-12-17,1,Low-Value Recent Customers
CUST784,59,1,500,1,500.0,34,Female,Electronics,2023-11-04,1,Low-Value Recent Customers
CUST785,305,1,200,4,50.0,31,Female,Beauty,2023-03-03,2,Low-Value Inactive Customers
CUST786,77,1,100,4,25.0,48,Male,Clothing,2023-10-17,1,Low-Value Recent Customers
CUST787,345,1,25,1,25.0,41,Male,Electronics,2023-01-22,2,Low-Value Inactive Customers
CUST788,189,1,900,3,300.0,52,Female,Beauty,2023-06-27,0,High-Value Inactive Customers
CUST789,94,1,2000,4,500.0,61,Female,Clothing,2023-09-30,3,High-Value Recent Customers
CUST790,147,1,25,1,25.0,62,Male,Clothing,2023-08-08,1,Low-Value Recent Customers
CUST791,28,1,25,1,25.0,51,Female,Beauty,2023-12-05,1,Low-Value Recent Customers
CUST792,177,1,50,1,50.0,20,Female,Beauty,2023-07-09,1,Low-Value Recent Customers
CUST793,331,1,30,1,30.0,54,Male,Beauty,2023-02-05,2,Low-Value Inactive Customers
CUST794,107,1,300,1,300.0,60,Female,Beauty,2023-09-17,1,Low-Value Recent Customers
CUST795,35,1,300,1,300.0,57,Male,Electronics,2023-11-28,1,Low-Value Recent Customers
CUST796,192,1,120,4,30.0,43,Male,Beauty,2023-06-24,2,Low-Value Inactive Customers
CUST797,360,1,75,3,25.0,40,Male,Clothing,2023-01-07,2,Low-Value Inactive Customers
CUST798,151,1,50,1,50.0,61,Male,Clothing,2023-08-04,1,Low-Value Recent Customers
CUST799,116,1,100,2,50.0,56,Male,Electronics,2023-09-08,1,Low-Value Recent Customers
CUST800,312,1,1200,4,300.0,32,Male,Clothing,2023-02-24,0,High-Value Inactive Customers
CUST801,145,1,200,4,50.0,21,Male,Clothing,2023-08-10,1,Low-Value Recent Customers
CUST802,181,1,30,1,30.0,46,Female,Beauty,2023-07-05,1,Low-Value Recent Customers
CUST803,41,1,100,4,25.0,39,Male,Clothing,2023-11-22,1,Low-Value Recent Customers
CUST804,131,1,30,1,30.0,42,Male,Electronics,2023-08-24,1,Low-Value Recent Customers
CUST805,4,1,1500,3,500.0,30,Female,Beauty,2023-12-29,3,High-Value Recent Customers
CUST806,288,1,900,3,300.0,35,Female,Beauty,2023-03-20,0,High-Value Inactive Customers
CUST807,144,1,200,4,50.0,50,Female,Electronics,2023-08-11,1,Low-Value Recent Customers
CUST808,276,1,2000,4,500.0,33,Male,Beauty,2023-04-01,0,High-Value Inactive Customers
CUST809,99,1,100,2,50.0,62,Female,Beauty,2023-09-25,1,Low-Value Recent Customers
CUST810,33,1,100,4,25.0,59,Male,Electronics,2023-11-30,1,Low-Value Recent Customers
CUST811,228,1,50,2,25.0,61,Male,Beauty,2023-05-19,2,Low-Value Inactive Customers
CUST812,51,1,75,3,25.0,19,Male,Electronics,2023-11-12,1,Low-Value Recent Customers
CUST813,91,1,150,3,50.0,52,Male,Electronics,2023-10-03,1,Low-Value Recent Customers
CUST814,119,1,500,1,500.0,59,Female,Clothing,2023-09-05,1,Low-Value Recent Customers
CUST815,128,1,75,3,25.0,51,Female,Clothing,2023-08-27,1,Low-Value Recent Customers
CUST816,143,1,1000,2,500.0,47,Male,Beauty,2023-08-12,3,High-Value Recent Customers
CUST817,63,1,200,4,50.0,30,Male,Beauty,2023-10-31,1,Low-Value Recent Customers
CUST818,229,1,500,1,500.0,30,Male,Electronics,2023-05-18,2,Low-Value Inactive Customers
CUST819,201,1,100,2,50.0,35,Female,Beauty,2023-06-15,2,Low-Value Inactive Customers
CUST820,241,1,200,4,50.0,49,Male,Electronics,2023-05-06,2,Low-Value Inactive Customers
CUST821,322,1,300,1,300.0,49,Male,Electronics,2023-02-14,2,Low-Value Inactive Customers
CUST822,224,1,150,3,50.0,52,Female,Beauty,2023-05-23,2,Low-Value Inactive Customers
CUST823,136,1,100,2,50.0,56,Female,Electronics,2023-08-19,1,Low-Value Recent Customers
CUST824,242,1,120,4,30.0,63,Male,Clothing,2023-05-05,2,Low-Value Inactive Customers
CUST825,129,1,25,1,25.0,46,Female,Beauty,2023-08-26,1,Low-Value Recent Customers
CUST826,75,1,300,1,300.0,46,Female,Clothing,2023-10-19,1,Low-Value Recent Customers
CUST827,54,1,900,3,300.0,61,Male,Beauty,2023-11-09,3,High-Value Recent Customers
CUST828,24,1,1200,4,300.0,33,Female,Electronics,2023-12-09,3,High-Value Recent Customers
CUST829,172,1,90,3,30.0,61,Male,Beauty,2023-07-14,1,Low-Value Recent Customers
CUST830,194,1,150,3,50.0,64,Female,Clothing,2023-06-22,2,Low-Value Inactive Customers
CUST831,352,1,100,4,25.0,27,Male,Electronics,2023-01-15,2,Low-Value Inactive Customers
CUST832,113,1,2000,4,500.0,47,Male,Beauty,2023-09-11,3,High-Value Recent Customers
CUST833,200,1,200,4,50.0,42,Male,Beauty,2023-06-16,2,Low-Value Inactive Customers
CUST834,273,1,60,2,30.0,56,Female,Beauty,2023-04-04,2,Low-Value Inactive Customers
CUST835,117,1,200,4,50.0,37,Male,Clothing,2023-09-07,1,Low-Value Recent Customers
CUST836,258,1,50,1,50.0,22,Female,Clothing,2023-04-19,2,Low-Value Inactive Customers
CUST837,185,1,90,3,30.0,18,Male,Beauty,2023-07-01,2,Low-Value Inactive Customers
CUST838,234,1,600,2,300.0,47,Male,Electronics,2023-05-13,2,Low-Value Inactive Customers
CUST839,192,1,1200,4,300.0,20,Female,Electronics,2023-06-24,0,High-Value Inactive Customers
CUST840,223,1,50,2,25.0,62,Male,Clothing,2023-05-24,2,Low-Value Inactive Customers
CUST841,61,1,100,4,25.0,31,Male,Electronics,2023-11-02,1,Low-Value Recent Customers
CUST842,7,1,600,2,300.0,47,Female,Clothing,2023-12-26,1,Low-Value Recent Customers
CUST843,225,1,1500,3,500.0,21,Male,Beauty,2023-05-22,0,High-Value Inactive Customers
CUST844,82,1,150,3,50.0,35,Male,Clothing,2023-10-12,1,Low-Value Recent Customers
CUST845,361,1,500,1,500.0,54,Male,Clothing,2023-01-06,2,Low-Value Inactive Customers
CUST846,102,1,50,1,50.0,42,Male,Beauty,2023-09-22,1,Low-Value Recent Customers
CUST847,269,1,1200,4,300.0,18,Female,Electronics,2023-04-08,0,High-Value Inactive Customers
CUST848,323,1,75,3,25.0,63,Female,Clothing,2023-02-13,2,Low-Value Inactive Customers
CUST849,243,1,50,2,25.0,32,Male,Clothing,2023-05-04,2,Low-Value Inactive Customers
CUST850,158,1,1000,2,500.0,26,Female,Beauty,2023-07-28,3,High-Value Recent Customers
CUST851,116,1,50,2,25.0,32,Male,Electronics,2023-09-08,1,Low-Value Recent Customers
CUST852,82,1,300,1,300.0,41,Female,Clothing,2023-10-12,1,Low-Value Recent Customers
CUST853,243,1,1000,2,500.0,21,Male,Beauty,2023-05-04,0,High-Value Inactive Customers
CUST854,13,1,50,1,50.0,29,Male,Clothing,2023-12-20,1,Low-Value Recent Customers
CUST855,123,1,25,1,25.0,54,Male,Beauty,2023-09-01,1,Low-Value Recent Customers
CUST856,36,1,120,4,30.0,54,Male,Electronics,2023-11-27,1,Low-Value Recent Customers
CUST857,2,1,50,2,25.0,60,Male,Electronics,2023-12-31,1,Low-Value Recent Customers
CUST858,115,1,100,2,50.0,23,Male,Electronics,2023-09-09,1,Low-Value Recent Customers
CUST859,137,1,1500,3,500.0,56,Female,Electronics,2023-08-18,3,High-Value Recent Customers
CUST860,358,1,200,4,50.0,63,Male,Clothing,2023-01-09,2,Low-Value Inactive Customers
CUST861,319,1,90,3,30.0,41,Female,Clothing,2023-02-17,2,Low-Value Inactive Customers
CUST862,216,1,1200,4,300.0,28,Male,Electronics,2023-05-31,0,High-Value Inactive Customers
CUST863,253,1,50,2,25.0,30,Female,Electronics,2023-04-24,2,Low-Value Inactive Customers
CUST864,159,1,500,1,500.0,51,Female,Electronics,2023-07-27,1,Low-Value Recent Customers
CUST865,12,1,300,1,300.0,42,Female,Clothing,2023-12-21,1,Low-Value Recent Customers
CUST866,242,1,50,1,50.0,24,Male,Electronics,2023-05-05,2,Low-Value Inactive Customers
CUST867,210,1,500,1,500.0,21,Male,Electronics,2023-06-06,2,Low-Value Inactive Customers
CUST868,27,1,300,1,300.0,25,Female,Electronics,2023-12-06,1,Low-Value Recent Customers
CUST869,69,1,1500,3,500.0,37,Male,Beauty,2023-10-25,3,High-Value Recent Customers
CUST870,178,1,120,4,30.0,46,Female,Electronics,2023-07-08,1,Low-Value Recent Customers
CUST871,124,1,60,2,30.0,62,Male,Beauty,2023-08-31,1,Low-Value Recent Customers
CUST872,83,1,75,3,25.0,63,Female,Beauty,2023-10-11,1,Low-Value Recent Customers
CUST873,95,1,100,4,25.0,27,Female,Electronics,2023-09-29,1,Low-Value Recent Customers
CUST874,190,1,30,1,30.0,60,Male,Beauty,2023-06-26,2,Low-Value Inactive Customers
CUST875,149,1,2000,4,500.0,51,Female,Electronics,2023-08-06,3,High-Value Recent Customers
CUST876,85,1,120,4,30.0,43,Male,Clothing,2023-10-09,1,Low-Value Recent Customers
CUST877,197,1,25,1,25.0,58,Female,Clothing,2023-06-19,2,Low-Value Inactive Customers
CUST878,186,1,30,1,30.0,20,Female,Clothing,2023-06-30,2,Low-Value Inactive Customers
CUST879,7,1,30,1,30.0,23,Male,Clothing,2023-12-26,1,Low-Value Recent Customers
CUST880,134,1,1000,2,500.0,22,Male,Beauty,2023-08-21,3,High-Value Recent Customers
CUST881,228,1,300,1,300.0,22,Male,Electronics,2023-05-19,2,Low-Value Inactive Customers
CUST882,210,1,50,2,25.0,64,Female,Electronics,2023-06-06,2,Low-Value Inactive Customers
CUST883,238,1,500,1,500.0,40,Male,Electronics,2023-05-09,2,Low-Value Inactive Customers
CUST884,248,1,60,2,30.0,26,Female,Clothing,2023-04-29,2,Low-Value Inactive Customers
CUST885,305,1,120,4,30.0,52,Female,Clothing,2023-03-03,2,Low-Value Inactive Customers
CUST886,268,1,900,3,300.0,37,Male,Electronics,2023-04-09,0,High-Value Inactive Customers
CUST887,205,1,100,4,25.0,59,Male,Clothing,2023-06-11,2,Low-Value Inactive Customers
CUST888,305,1,100,4,25.0,52,Female,Electronics,2023-03-03,2,Low-Value Inactive Customers
CUST889,92,1,50,1,50.0,35,Female,Electronics,2023-10-02,1,Low-Value Recent Customers
CUST890,13,1,50,2,25.0,34,Male,Electronics,2023-12-20,1,Low-Value Recent Customers
CUST891,272,1,900,3,300.0,41,Male,Electronics,2023-04-05,0,High-Value Inactive Customers
CUST892,268,1,50,1,50.0,20,Male,Electronics,2023-04-09,2,Low-Value Inactive Customers
CUST893,256,1,50,1,50.0,49,Male,Electronics,2023-04-21,2,Low-Value Inactive Customers
CUST894,119,1,30,1,30.0,52,Male,Electronics,2023-09-05,1,Low-Value Recent Customers
CUST895,225,1,120,4,30.0,55,Female,Clothing,2023-05-22,2,Low-Value Inactive Customers
CUST896,65,1,50,2,25.0,30,Female,Electronics,2023-10-29,1,Low-Value Recent Customers
CUST897,98,1,100,2,50.0,64,Female,Electronics,2023-09-26,1,Low-Value Recent Customers
CUST898,61,1,90,3,30.0,42,Female,Clothing,2023-11-02,1,Low-Value Recent Customers
CUST899,222,1,600,2,300.0,26,Male,Clothing,2023-05-25,2,Low-Value Inactive Customers
CUST900,315,1,60,2,30.0,21,Male,Clothing,2023-02-21,2,Low-Value Inactive Customers
CUST901,267,1,30,1,30.0,31,Male,Electronics,2023-04-10,2,Low-Value Inactive Customers
CUST902,215,1,50,1,50.0,54,Female,Beauty,2023-06-01,2,Low-Value Inactive Customers
CUST903,250,1,200,4,50.0,51,Female,Beauty,2023-04-27,2,Low-Value Inactive Customers
CUST904,182,1,500,1,500.0,28,Male,Clothing,2023-07-04,1,Low-Value Recent Customers
CUST905,275,1,300,1,300.0,58,Male,Beauty,2023-04-02,2,Low-Value Inactive Customers
CUST906,212,1,50,1,50.0,20,Female,Clothing,2023-06-04,2,Low-Value Inactive Customers
CUST907,359,1,25,1,25.0,45,Female,Electronics,2023-01-08,2,Low-Value Inactive Customers
CUST908,4,1,1200,4,300.0,46,Male,Beauty,2023-12-29,3,High-Value Recent Customers
CUST909,93,1,300,1,300.0,26,Male,Electronics,2023-10-01,1,Low-Value Recent Customers
CUST910,302,1,150,3,50.0,20,Female,Beauty,2023-03-06,2,Low-Value Inactive Customers
CUST911,226,1,900,3,300.0,42,Male,Electronics,2023-05-21,0,High-Value Inactive Customers
CUST912,343,1,150,3,50.0,51,Male,Beauty,2023-01-24,2,Low-Value Inactive Customers
CUST913,339,1,90,3,30.0,29,Male,Electronics,2023-01-28,2,Low-Value Inactive Customers
CUST914,83,1,500,1,500.0,59,Female,Electronics,2023-10-11,1,Low-Value Recent Customers
CUST915,217,1,90,3,30.0,26,Female,Beauty,2023-05-30,2,Low-Value Inactive Customers
CUST916,9,1,50,1,50.0,32,Female,Electronics,2023-12-24,1,Low-Value Recent Customers
CUST917,302,1,200,4,50.0,57,Female,Electronics,2023-03-06,2,Low-Value Inactive Customers
CUST918,40,1,90,3,30.0,42,Female,Electronics,2023-11-23,1,Low-Value Recent Customers
CUST919,115,1,50,2,25.0,22,Female,Beauty,2023-09-09,1,Low-Value Recent Customers
CUST920,314,1,75,3,25.0,28,Female,Beauty,2023-02-22,2,Low-Value Inactive Customers
CUST921,360,1,75,3,25.0,51,Male,Electronics,2023-01-07,2,Low-Value Inactive Customers
CUST922,73,1,50,1,50.0,41,Male,Electronics,2023-10-21,1,Low-Value Recent Customers
CUST923,221,1,900,3,300.0,32,Male,Beauty,2023-05-26,0,High-Value Inactive Customers
CUST924,126,1,100,2,50.0,55,Male,Beauty,2023-08-29,1,Low-Value Recent Customers
CUST925,121,1,300,1,300.0,25,Male,Electronics,2023-09-03,1,Low-Value Recent Customers
CUST926,141,1,30,1,30.0,22,Male,Electronics,2023-08-14,1,Low-Value Recent Customers
CUST927,192,1,2000,4,500.0,43,Male,Electronics,2023-06-24,0,High-Value Inactive Customers
CUST928,272,1,1200,4,300.0,35,Female,Clothing,2023-04-05,0,High-Value Inactive Customers
CUST929,340,1,75,3,25.0,23,Female,Beauty,2023-01-27,2,Low-Value Inactive Customers
CUST930,237,1,200,4,50.0,54,Male,Clothing,2023-05-10,2,Low-Value Inactive Customers
CUST931,122,1,120,4,30.0,30,Male,Beauty,2023-09-02,1,Low-Value Recent Customers
CUST932,308,1,100,4,25.0,45,Female,Beauty,2023-02-28,2,Low-Value Inactive Customers
CUST933,333,1,30,1,30.0,22,Male,Beauty,2023-02-03,2,Low-Value Inactive Customers
CUST934,161,1,500,1,500.0,30,Male,Beauty,2023-07-25,1,Low-Value Recent Customers
CUST935,115,1,50,1,50.0,34,Female,Beauty,2023-09-09,1,Low-Value Recent Customers
CUST936,329,1,200,4,50.0,57,Male,Beauty,2023-02-07,2,Low-Value Inactive Customers
CUST937,71,1,500,1,500.0,62,Female,Beauty,2023-10-23,1,Low-Value Recent Customers
CUST938,44,1,200,4,50.0,49,Male,Clothing,2023-11-19,1,Low-Value Recent Customers
CUST939,15,1,300,1,300.0,46,Female,Electronics,2023-12-18,1,Low-Value Recent Customers
CUST940,339,1,30,1,30.0,20,Female,Electronics,2023-01-28,2,Low-Value Inactive Customers
CUST941,289,1,50,2,25.0,57,Female,Clothing,2023-03-19,2,Low-Value Inactive Customers
CUST942,290,1,1500,3,500.0,51,Male,Clothing,2023-03-18,0,High-Value Inactive Customers
CUST943,78,1,1200,4,300.0,57,Female,Clothing,2023-10-16,3,High-Value Recent Customers
CUST944,211,1,50,2,25.0,44,Male,Clothing,2023-06-05,2,Low-Value Inactive Customers
CUST945,323,1,25,1,25.0,30,Male,Beauty,2023-02-13,2,Low-Value Inactive Customers
CUST946,239,1,2000,4,500.0,62,Male,Electronics,2023-05-08,0,High-Value Inactive Customers
CUST947,306,1,300,1,300.0,50,Male,Beauty,2023-03-02,2,Low-Value Inactive Customers
CUST948,81,1,75,3,25.0,23,Female,Electronics,2023-10-13,1,Low-Value Recent Customers
CUST949,153,1,50,2,25.0,41,Female,Electronics,2023-08-02,1,Low-Value Recent Customers
CUST950,56,1,900,3,300.0,36,Male,Clothing,2023-11-07,3,High-Value Recent Customers
CUST951,61,1,100,2,50.0,33,Male,Beauty,2023-11-02,1,Low-Value Recent Customers
CUST952,50,1,25,1,25.0,57,Female,Clothing,2023-11-13,1,Low-Value Recent Customers
CUST953,251,1,90,3,30.0,45,Male,Beauty,2023-04-26,2,Low-Value Inactive Customers
CUST954,99,1,900,3,300.0,50,Female,Electronics,2023-09-25,3,High-Value Recent Customers
CUST955,172,1,25,1,25.0,58,Male,Clothing,2023-07-14,1,Low-Value Recent Customers
CUST956,136,1,1500,3,500.0,30,Male,Clothing,2023-08-19,3,High-Value Recent Customers
CUST957,140,1,120,4,30.0,60,Female,Electronics,2023-08-15,1,Low-Value Recent Customers
CUST958,214,1,50,2,25.0,62,Male,Electronics,2023-06-02,2,Low-Value Inactive Customers
CUST959,65,1,60,2,30.0,42,Female,Electronics,2023-10-29,1,Low-Value Recent Customers
CUST960,147,1,60,2,30.0,59,Male,Clothing,2023-08-08,1,Low-Value Recent Customers
CUST961,210,1,200,4,50.0,53,Male,Beauty,2023-06-06,2,Low-Value Inactive Customers
CUST962,75,1,60,2,30.0,44,Male,Clothing,2023-10-19,1,Low-Value Recent Customers
CUST963,49,1,50,1,50.0,55,Female,Beauty,2023-11-14,1,Low-Value Recent Customers
CUST964,336,1,900,3,300.0,24,Male,Clothing,2023-01-31,0,High-Value Inactive Customers
CUST965,54,1,200,4,50.0,22,Male,Clothing,2023-11-09,1,Low-Value Recent Customers
CUST966,316,1,1000,2,500.0,60,Male,Electronics,2023-02-20,0,High-Value Inactive Customers
CUST967,260,1,25,1,25.0,62,Male,Beauty,2023-04-17,2,Low-Value Inactive Customers
CUST968,46,1,900,3,300.0,48,Female,Clothing,2023-11-17,3,High-Value Recent Customers
CUST969,258,1,900,3,300.0,40,Female,Clothing,2023-04-19,0,High-Value Inactive Customers
CUST970,231,1,2000,4,500.0,59,Male,Electronics,2023-05-16,0,High-Value Inactive Customers
CUST971,28,1,200,4,50.0,27,Female,Electronics,2023-12-05,1,Low-Value Recent Customers
CUST972,325,1,100,4,25.0,49,Male,Beauty,2023-02-11,2,Low-Value Inactive Customers
CUST973,286,1,50,1,50.0,60,Male,Clothing,2023-03-22,2,Low-Value Inactive Customers
CUST974,244,1,30,1,30.0,47,Male,Beauty,2023-05-03,2,Low-Value Inactive Customers
CUST975,278,1,200,4,50.0,56,Female,Clothing,2023-03-30,2,Low-Value Inactive Customers
CUST976,84,1,600,2,300.0,48,Female,Beauty,2023-10-10,1,Low-Value Recent Customers
CUST977,328,1,75,3,25.0,35,Female,Electronics,2023-02-08,2,Low-Value Inactive Customers
CUST978,286,1,150,3,50.0,53,Female,Clothing,2023-03-22,2,Low-Value Inactive Customers
CUST979,365,1,25,1,25.0,19,Female,Beauty,2023-01-02,2,Low-Value Inactive Customers
CUST980,157,1,75,3,25.0,31,Female,Electronics,2023-07-29,1,Low-Value Recent Customers
CUST981,136,1,60,2,30.0,30,Female,Electronics,2023-08-19,1,Low-Value Recent Customers
CUST982,14,1,90,3,30.0,46,Female,Beauty,2023-12-19,1,Low-Value Recent Customers
CUST983,62,1,300,1,300.0,29,Female,Clothing,2023-11-01,1,Low-Value Recent Customers
CUST984,126,1,500,1,500.0,56,Male,Clothing,2023-08-29,1,Low-Value Recent Customers
CUST985,217,1,50,2,25.0,19,Female,Electronics,2023-05-30,2,Low-Value Inactive Customers
CUST986,350,1,1000,2,500.0,49,Female,Clothing,2023-01-17,0,High-Value Inactive Customers
CUST987,248,1,900,3,300.0,30,Female,Clothing,2023-04-29,0,High-Value Inactive Customers
CUST988,219,1,75,3,25.0,63,Female,Clothing,2023-05-28,2,Low-Value Inactive Customers
CUST989,5,1,25,1,25.0,44,Female,Electronics,2023-12-28,1,Low-Value Recent Customers
CUST990,222,1,1000,2,500.0,58,Female,Beauty,2023-05-25,0,High-Value Inactive Customers
CUST991,7,1,100,2,50.0,34,Female,Clothing,2023-12-26,1,Low-Value Recent Customers
CUST992,134,1,60,2,30.0,57,Female,Electronics,2023-08-21,1,Low-Value Recent Customers
CUST993,330,1,150,3,50.0,48,Female,Electronics,2023-02-06,2,Low-Value Inactive Customers
CUST994,15,1,1000,2,500.0,51,Female,Beauty,2023-12-18,3,High-Value Recent Customers
CUST995,247,1,30,1,30.0,41,Female,Clothing,2023-04-30,2,Low-Value Inactive Customers
CUST996,231,1,50,1,50.0,62,Male,Clothing,2023-05-16,2,Low-Value Inactive Customers
CUST997,46,1,90,3,30.0,52,Male,Beauty,2023-11-17,1,Low-Value Recent Customers
CUST998,65,1,100,4,25.0,23,Female,Beauty,2023-10-29,1,Low-Value Recent Customers
CUST999,28,1,150,3,50.0,36,Female,Electronics,2023-12-05,1,Low-Value Recent Customers
